[2026-04-26T13:51:47.771+0000] {processor.py:161} INFO - Started process (PID=208) to work on /opt/airflow/dags/demo-dag.py
[2026-04-26T13:51:47.772+0000] {processor.py:830} INFO - Processing file /opt/airflow/dags/demo-dag.py for tasks to queue
[2026-04-26T13:51:47.773+0000] {logging_mixin.py:188} INFO - [2026-04-26T13:51:47.773+0000] {dagbag.py:538} INFO - Filling up the DagBag from /opt/airflow/dags/demo-dag.py
[2026-04-26T13:51:47.790+0000] {processor.py:840} INFO - DAG(s) 'demo_diplom_dag' retrieved from /opt/airflow/dags/demo-dag.py
[2026-04-26T13:51:47.812+0000] {logging_mixin.py:188} INFO - [2026-04-26T13:51:47.812+0000] {dag.py:3036} INFO - Sync 1 DAGs
[2026-04-26T13:51:47.839+0000] {logging_mixin.py:188} INFO - [2026-04-26T13:51:47.839+0000] {dag.py:3823} INFO - Setting next_dagrun for demo_diplom_dag to 2026-04-19 00:00:00+00:00, run_after=2026-04-26 00:00:00+00:00
[2026-04-26T13:51:47.853+0000] {processor.py:183} INFO - Processing /opt/airflow/dags/demo-dag.py took 0.084 seconds
[2026-04-26T13:52:17.912+0000] {processor.py:161} INFO - Started process (PID=230) to work on /opt/airflow/dags/demo-dag.py
[2026-04-26T13:52:17.913+0000] {processor.py:830} INFO - Processing file /opt/airflow/dags/demo-dag.py for tasks to queue
[2026-04-26T13:52:17.913+0000] {logging_mixin.py:188} INFO - [2026-04-26T13:52:17.913+0000] {dagbag.py:538} INFO - Filling up the DagBag from /opt/airflow/dags/demo-dag.py
[2026-04-26T13:52:17.931+0000] {processor.py:840} INFO - DAG(s) 'demo_diplom_dag' retrieved from /opt/airflow/dags/demo-dag.py
[2026-04-26T13:52:18.007+0000] {logging_mixin.py:188} INFO - [2026-04-26T13:52:18.007+0000] {dag.py:3036} INFO - Sync 1 DAGs
[2026-04-26T13:52:18.021+0000] {logging_mixin.py:188} INFO - [2026-04-26T13:52:18.021+0000] {dag.py:3823} INFO - Setting next_dagrun for demo_diplom_dag to 2026-04-19 00:00:00+00:00, run_after=2026-04-26 00:00:00+00:00
[2026-04-26T13:52:18.033+0000] {processor.py:183} INFO - Processing /opt/airflow/dags/demo-dag.py took 0.124 seconds
[2026-04-26T13:52:48.076+0000] {processor.py:161} INFO - Started process (PID=235) to work on /opt/airflow/dags/demo-dag.py
[2026-04-26T13:52:48.077+0000] {processor.py:830} INFO - Processing file /opt/airflow/dags/demo-dag.py for tasks to queue
[2026-04-26T13:52:48.078+0000] {logging_mixin.py:188} INFO - [2026-04-26T13:52:48.077+0000] {dagbag.py:538} INFO - Filling up the DagBag from /opt/airflow/dags/demo-dag.py
[2026-04-26T13:52:48.094+0000] {processor.py:840} INFO - DAG(s) 'demo_diplom_dag' retrieved from /opt/airflow/dags/demo-dag.py
[2026-04-26T13:52:48.117+0000] {logging_mixin.py:188} INFO - [2026-04-26T13:52:48.117+0000] {dag.py:3036} INFO - Sync 1 DAGs
[2026-04-26T13:52:48.133+0000] {logging_mixin.py:188} INFO - [2026-04-26T13:52:48.133+0000] {dag.py:3823} INFO - Setting next_dagrun for demo_diplom_dag to 2026-04-19 00:00:00+00:00, run_after=2026-04-26 00:00:00+00:00
[2026-04-26T13:52:48.144+0000] {processor.py:183} INFO - Processing /opt/airflow/dags/demo-dag.py took 0.072 seconds
[2026-04-26T13:53:18.271+0000] {processor.py:161} INFO - Started process (PID=240) to work on /opt/airflow/dags/demo-dag.py
[2026-04-26T13:53:18.272+0000] {processor.py:830} INFO - Processing file /opt/airflow/dags/demo-dag.py for tasks to queue
[2026-04-26T13:53:18.272+0000] {logging_mixin.py:188} INFO - [2026-04-26T13:53:18.272+0000] {dagbag.py:538} INFO - Filling up the DagBag from /opt/airflow/dags/demo-dag.py
[2026-04-26T13:53:18.289+0000] {processor.py:840} INFO - DAG(s) 'demo_diplom_dag' retrieved from /opt/airflow/dags/demo-dag.py
[2026-04-26T13:53:18.313+0000] {logging_mixin.py:188} INFO - [2026-04-26T13:53:18.313+0000] {dag.py:3036} INFO - Sync 1 DAGs
[2026-04-26T13:53:18.331+0000] {logging_mixin.py:188} INFO - [2026-04-26T13:53:18.331+0000] {dag.py:3823} INFO - Setting next_dagrun for demo_diplom_dag to 2026-04-26 00:00:00+00:00, run_after=2026-05-03 00:00:00+00:00
[2026-04-26T13:53:18.344+0000] {processor.py:183} INFO - Processing /opt/airflow/dags/demo-dag.py took 0.075 seconds
[2026-04-26T13:53:48.401+0000] {processor.py:161} INFO - Started process (PID=245) to work on /opt/airflow/dags/demo-dag.py
[2026-04-26T13:53:48.402+0000] {processor.py:830} INFO - Processing file /opt/airflow/dags/demo-dag.py for tasks to queue
[2026-04-26T13:53:48.402+0000] {logging_mixin.py:188} INFO - [2026-04-26T13:53:48.402+0000] {dagbag.py:538} INFO - Filling up the DagBag from /opt/airflow/dags/demo-dag.py
[2026-04-26T13:53:48.418+0000] {processor.py:840} INFO - DAG(s) 'demo_diplom_dag' retrieved from /opt/airflow/dags/demo-dag.py
[2026-04-26T13:53:48.438+0000] {logging_mixin.py:188} INFO - [2026-04-26T13:53:48.438+0000] {dag.py:3036} INFO - Sync 1 DAGs
[2026-04-26T13:53:48.454+0000] {logging_mixin.py:188} INFO - [2026-04-26T13:53:48.454+0000] {dag.py:3823} INFO - Setting next_dagrun for demo_diplom_dag to 2026-04-26 00:00:00+00:00, run_after=2026-05-03 00:00:00+00:00
[2026-04-26T13:53:48.466+0000] {processor.py:183} INFO - Processing /opt/airflow/dags/demo-dag.py took 0.067 seconds
[2026-04-26T13:54:18.575+0000] {processor.py:161} INFO - Started process (PID=250) to work on /opt/airflow/dags/demo-dag.py
[2026-04-26T13:54:18.576+0000] {processor.py:830} INFO - Processing file /opt/airflow/dags/demo-dag.py for tasks to queue
[2026-04-26T13:54:18.577+0000] {logging_mixin.py:188} INFO - [2026-04-26T13:54:18.577+0000] {dagbag.py:538} INFO - Filling up the DagBag from /opt/airflow/dags/demo-dag.py
[2026-04-26T13:54:18.597+0000] {processor.py:840} INFO - DAG(s) 'demo_diplom_dag' retrieved from /opt/airflow/dags/demo-dag.py
[2026-04-26T13:54:18.619+0000] {logging_mixin.py:188} INFO - [2026-04-26T13:54:18.619+0000] {dag.py:3036} INFO - Sync 1 DAGs
[2026-04-26T13:54:18.635+0000] {logging_mixin.py:188} INFO - [2026-04-26T13:54:18.635+0000] {dag.py:3823} INFO - Setting next_dagrun for demo_diplom_dag to 2026-04-26 00:00:00+00:00, run_after=2026-05-03 00:00:00+00:00
[2026-04-26T13:54:18.648+0000] {processor.py:183} INFO - Processing /opt/airflow/dags/demo-dag.py took 0.076 seconds
[2026-04-26T13:54:48.713+0000] {processor.py:161} INFO - Started process (PID=255) to work on /opt/airflow/dags/demo-dag.py
[2026-04-26T13:54:48.714+0000] {processor.py:830} INFO - Processing file /opt/airflow/dags/demo-dag.py for tasks to queue
[2026-04-26T13:54:48.714+0000] {logging_mixin.py:188} INFO - [2026-04-26T13:54:48.714+0000] {dagbag.py:538} INFO - Filling up the DagBag from /opt/airflow/dags/demo-dag.py
[2026-04-26T13:54:48.730+0000] {processor.py:840} INFO - DAG(s) 'demo_diplom_dag' retrieved from /opt/airflow/dags/demo-dag.py
[2026-04-26T13:54:48.752+0000] {logging_mixin.py:188} INFO - [2026-04-26T13:54:48.752+0000] {dag.py:3036} INFO - Sync 1 DAGs
[2026-04-26T13:54:48.768+0000] {logging_mixin.py:188} INFO - [2026-04-26T13:54:48.768+0000] {dag.py:3823} INFO - Setting next_dagrun for demo_diplom_dag to 2026-04-26 00:00:00+00:00, run_after=2026-05-03 00:00:00+00:00
[2026-04-26T13:54:48.780+0000] {processor.py:183} INFO - Processing /opt/airflow/dags/demo-dag.py took 0.069 seconds
[2026-04-26T13:55:18.885+0000] {processor.py:161} INFO - Started process (PID=260) to work on /opt/airflow/dags/demo-dag.py
[2026-04-26T13:55:18.885+0000] {processor.py:830} INFO - Processing file /opt/airflow/dags/demo-dag.py for tasks to queue
[2026-04-26T13:55:18.886+0000] {logging_mixin.py:188} INFO - [2026-04-26T13:55:18.886+0000] {dagbag.py:538} INFO - Filling up the DagBag from /opt/airflow/dags/demo-dag.py
[2026-04-26T13:55:18.905+0000] {processor.py:840} INFO - DAG(s) 'demo_diplom_dag' retrieved from /opt/airflow/dags/demo-dag.py
[2026-04-26T13:55:18.928+0000] {logging_mixin.py:188} INFO - [2026-04-26T13:55:18.928+0000] {dag.py:3036} INFO - Sync 1 DAGs
[2026-04-26T13:55:18.945+0000] {logging_mixin.py:188} INFO - [2026-04-26T13:55:18.945+0000] {dag.py:3823} INFO - Setting next_dagrun for demo_diplom_dag to 2026-04-26 00:00:00+00:00, run_after=2026-05-03 00:00:00+00:00
[2026-04-26T13:55:18.958+0000] {processor.py:183} INFO - Processing /opt/airflow/dags/demo-dag.py took 0.076 seconds
[2026-04-26T13:55:49.006+0000] {processor.py:161} INFO - Started process (PID=265) to work on /opt/airflow/dags/demo-dag.py
[2026-04-26T13:55:49.007+0000] {processor.py:830} INFO - Processing file /opt/airflow/dags/demo-dag.py for tasks to queue
[2026-04-26T13:55:49.008+0000] {logging_mixin.py:188} INFO - [2026-04-26T13:55:49.007+0000] {dagbag.py:538} INFO - Filling up the DagBag from /opt/airflow/dags/demo-dag.py
[2026-04-26T13:55:49.025+0000] {processor.py:840} INFO - DAG(s) 'demo_diplom_dag' retrieved from /opt/airflow/dags/demo-dag.py
[2026-04-26T13:55:49.045+0000] {logging_mixin.py:188} INFO - [2026-04-26T13:55:49.045+0000] {dag.py:3036} INFO - Sync 1 DAGs
[2026-04-26T13:55:49.063+0000] {logging_mixin.py:188} INFO - [2026-04-26T13:55:49.063+0000] {dag.py:3823} INFO - Setting next_dagrun for demo_diplom_dag to 2026-04-26 00:00:00+00:00, run_after=2026-05-03 00:00:00+00:00
[2026-04-26T13:55:49.077+0000] {processor.py:183} INFO - Processing /opt/airflow/dags/demo-dag.py took 0.073 seconds
[2026-04-26T13:56:19.190+0000] {processor.py:161} INFO - Started process (PID=270) to work on /opt/airflow/dags/demo-dag.py
[2026-04-26T13:56:19.191+0000] {processor.py:830} INFO - Processing file /opt/airflow/dags/demo-dag.py for tasks to queue
[2026-04-26T13:56:19.192+0000] {logging_mixin.py:188} INFO - [2026-04-26T13:56:19.192+0000] {dagbag.py:538} INFO - Filling up the DagBag from /opt/airflow/dags/demo-dag.py
[2026-04-26T13:56:19.212+0000] {processor.py:840} INFO - DAG(s) 'demo_diplom_dag' retrieved from /opt/airflow/dags/demo-dag.py
[2026-04-26T13:56:19.232+0000] {logging_mixin.py:188} INFO - [2026-04-26T13:56:19.232+0000] {dag.py:3036} INFO - Sync 1 DAGs
[2026-04-26T13:56:19.250+0000] {logging_mixin.py:188} INFO - [2026-04-26T13:56:19.249+0000] {dag.py:3823} INFO - Setting next_dagrun for demo_diplom_dag to 2026-04-26 00:00:00+00:00, run_after=2026-05-03 00:00:00+00:00
[2026-04-26T13:56:19.263+0000] {processor.py:183} INFO - Processing /opt/airflow/dags/demo-dag.py took 0.076 seconds
[2026-04-26T13:56:49.327+0000] {processor.py:161} INFO - Started process (PID=275) to work on /opt/airflow/dags/demo-dag.py
[2026-04-26T13:56:49.327+0000] {processor.py:830} INFO - Processing file /opt/airflow/dags/demo-dag.py for tasks to queue
[2026-04-26T13:56:49.328+0000] {logging_mixin.py:188} INFO - [2026-04-26T13:56:49.328+0000] {dagbag.py:538} INFO - Filling up the DagBag from /opt/airflow/dags/demo-dag.py
[2026-04-26T13:56:49.343+0000] {processor.py:840} INFO - DAG(s) 'demo_diplom_dag' retrieved from /opt/airflow/dags/demo-dag.py
[2026-04-26T13:56:49.363+0000] {logging_mixin.py:188} INFO - [2026-04-26T13:56:49.363+0000] {dag.py:3036} INFO - Sync 1 DAGs
[2026-04-26T13:56:49.379+0000] {logging_mixin.py:188} INFO - [2026-04-26T13:56:49.379+0000] {dag.py:3823} INFO - Setting next_dagrun for demo_diplom_dag to 2026-04-26 00:00:00+00:00, run_after=2026-05-03 00:00:00+00:00
[2026-04-26T13:56:49.392+0000] {processor.py:183} INFO - Processing /opt/airflow/dags/demo-dag.py took 0.068 seconds
[2026-04-26T13:57:19.488+0000] {processor.py:161} INFO - Started process (PID=280) to work on /opt/airflow/dags/demo-dag.py
[2026-04-26T13:57:19.488+0000] {processor.py:830} INFO - Processing file /opt/airflow/dags/demo-dag.py for tasks to queue
[2026-04-26T13:57:19.489+0000] {logging_mixin.py:188} INFO - [2026-04-26T13:57:19.489+0000] {dagbag.py:538} INFO - Filling up the DagBag from /opt/airflow/dags/demo-dag.py
[2026-04-26T13:57:19.506+0000] {processor.py:840} INFO - DAG(s) 'demo_diplom_dag' retrieved from /opt/airflow/dags/demo-dag.py
[2026-04-26T13:57:19.526+0000] {logging_mixin.py:188} INFO - [2026-04-26T13:57:19.526+0000] {dag.py:3036} INFO - Sync 1 DAGs
[2026-04-26T13:57:19.541+0000] {logging_mixin.py:188} INFO - [2026-04-26T13:57:19.541+0000] {dag.py:3823} INFO - Setting next_dagrun for demo_diplom_dag to 2026-04-26 00:00:00+00:00, run_after=2026-05-03 00:00:00+00:00
[2026-04-26T13:57:19.553+0000] {processor.py:183} INFO - Processing /opt/airflow/dags/demo-dag.py took 0.068 seconds
[2026-04-26T13:57:49.622+0000] {processor.py:161} INFO - Started process (PID=285) to work on /opt/airflow/dags/demo-dag.py
[2026-04-26T13:57:49.622+0000] {processor.py:830} INFO - Processing file /opt/airflow/dags/demo-dag.py for tasks to queue
[2026-04-26T13:57:49.623+0000] {logging_mixin.py:188} INFO - [2026-04-26T13:57:49.623+0000] {dagbag.py:538} INFO - Filling up the DagBag from /opt/airflow/dags/demo-dag.py
[2026-04-26T13:57:49.639+0000] {processor.py:840} INFO - DAG(s) 'demo_diplom_dag' retrieved from /opt/airflow/dags/demo-dag.py
[2026-04-26T13:57:49.658+0000] {logging_mixin.py:188} INFO - [2026-04-26T13:57:49.658+0000] {dag.py:3036} INFO - Sync 1 DAGs
[2026-04-26T13:57:49.671+0000] {logging_mixin.py:188} INFO - [2026-04-26T13:57:49.671+0000] {dag.py:3823} INFO - Setting next_dagrun for demo_diplom_dag to 2026-04-26 00:00:00+00:00, run_after=2026-05-03 00:00:00+00:00
[2026-04-26T13:57:49.683+0000] {processor.py:183} INFO - Processing /opt/airflow/dags/demo-dag.py took 0.063 seconds
[2026-04-26T13:58:19.786+0000] {processor.py:161} INFO - Started process (PID=290) to work on /opt/airflow/dags/demo-dag.py
[2026-04-26T13:58:19.787+0000] {processor.py:830} INFO - Processing file /opt/airflow/dags/demo-dag.py for tasks to queue
[2026-04-26T13:58:19.787+0000] {logging_mixin.py:188} INFO - [2026-04-26T13:58:19.787+0000] {dagbag.py:538} INFO - Filling up the DagBag from /opt/airflow/dags/demo-dag.py
[2026-04-26T13:58:19.802+0000] {processor.py:840} INFO - DAG(s) 'demo_diplom_dag' retrieved from /opt/airflow/dags/demo-dag.py
[2026-04-26T13:58:19.821+0000] {logging_mixin.py:188} INFO - [2026-04-26T13:58:19.821+0000] {dag.py:3036} INFO - Sync 1 DAGs
[2026-04-26T13:58:19.835+0000] {logging_mixin.py:188} INFO - [2026-04-26T13:58:19.835+0000] {dag.py:3823} INFO - Setting next_dagrun for demo_diplom_dag to 2026-04-26 00:00:00+00:00, run_after=2026-05-03 00:00:00+00:00
[2026-04-26T13:58:19.848+0000] {processor.py:183} INFO - Processing /opt/airflow/dags/demo-dag.py took 0.064 seconds
[2026-04-26T13:58:49.919+0000] {processor.py:161} INFO - Started process (PID=295) to work on /opt/airflow/dags/demo-dag.py
[2026-04-26T13:58:49.920+0000] {processor.py:830} INFO - Processing file /opt/airflow/dags/demo-dag.py for tasks to queue
[2026-04-26T13:58:49.921+0000] {logging_mixin.py:188} INFO - [2026-04-26T13:58:49.921+0000] {dagbag.py:538} INFO - Filling up the DagBag from /opt/airflow/dags/demo-dag.py
[2026-04-26T13:58:49.935+0000] {processor.py:840} INFO - DAG(s) 'demo_diplom_dag' retrieved from /opt/airflow/dags/demo-dag.py
[2026-04-26T13:58:49.954+0000] {logging_mixin.py:188} INFO - [2026-04-26T13:58:49.954+0000] {dag.py:3036} INFO - Sync 1 DAGs
[2026-04-26T13:58:49.968+0000] {logging_mixin.py:188} INFO - [2026-04-26T13:58:49.968+0000] {dag.py:3823} INFO - Setting next_dagrun for demo_diplom_dag to 2026-04-26 00:00:00+00:00, run_after=2026-05-03 00:00:00+00:00
[2026-04-26T13:58:49.980+0000] {processor.py:183} INFO - Processing /opt/airflow/dags/demo-dag.py took 0.063 seconds
[2026-04-26T13:59:20.083+0000] {processor.py:161} INFO - Started process (PID=300) to work on /opt/airflow/dags/demo-dag.py
[2026-04-26T13:59:20.084+0000] {processor.py:830} INFO - Processing file /opt/airflow/dags/demo-dag.py for tasks to queue
[2026-04-26T13:59:20.085+0000] {logging_mixin.py:188} INFO - [2026-04-26T13:59:20.085+0000] {dagbag.py:538} INFO - Filling up the DagBag from /opt/airflow/dags/demo-dag.py
[2026-04-26T13:59:20.103+0000] {processor.py:840} INFO - DAG(s) 'demo_diplom_dag' retrieved from /opt/airflow/dags/demo-dag.py
[2026-04-26T13:59:20.123+0000] {logging_mixin.py:188} INFO - [2026-04-26T13:59:20.123+0000] {dag.py:3036} INFO - Sync 1 DAGs
[2026-04-26T13:59:20.137+0000] {logging_mixin.py:188} INFO - [2026-04-26T13:59:20.137+0000] {dag.py:3823} INFO - Setting next_dagrun for demo_diplom_dag to 2026-04-26 00:00:00+00:00, run_after=2026-05-03 00:00:00+00:00
[2026-04-26T13:59:20.149+0000] {processor.py:183} INFO - Processing /opt/airflow/dags/demo-dag.py took 0.068 seconds
[2026-04-26T13:59:50.217+0000] {processor.py:161} INFO - Started process (PID=305) to work on /opt/airflow/dags/demo-dag.py
[2026-04-26T13:59:50.218+0000] {processor.py:830} INFO - Processing file /opt/airflow/dags/demo-dag.py for tasks to queue
[2026-04-26T13:59:50.219+0000] {logging_mixin.py:188} INFO - [2026-04-26T13:59:50.219+0000] {dagbag.py:538} INFO - Filling up the DagBag from /opt/airflow/dags/demo-dag.py
[2026-04-26T13:59:50.240+0000] {processor.py:840} INFO - DAG(s) 'demo_diplom_dag' retrieved from /opt/airflow/dags/demo-dag.py
[2026-04-26T13:59:50.267+0000] {logging_mixin.py:188} INFO - [2026-04-26T13:59:50.266+0000] {dag.py:3036} INFO - Sync 1 DAGs
[2026-04-26T13:59:50.293+0000] {logging_mixin.py:188} INFO - [2026-04-26T13:59:50.292+0000] {dag.py:3823} INFO - Setting next_dagrun for demo_diplom_dag to 2026-04-26 00:00:00+00:00, run_after=2026-05-03 00:00:00+00:00
[2026-04-26T13:59:50.311+0000] {processor.py:183} INFO - Processing /opt/airflow/dags/demo-dag.py took 0.099 seconds
[2026-04-26T14:00:20.386+0000] {processor.py:161} INFO - Started process (PID=310) to work on /opt/airflow/dags/demo-dag.py
[2026-04-26T14:00:20.387+0000] {processor.py:830} INFO - Processing file /opt/airflow/dags/demo-dag.py for tasks to queue
[2026-04-26T14:00:20.388+0000] {logging_mixin.py:188} INFO - [2026-04-26T14:00:20.387+0000] {dagbag.py:538} INFO - Filling up the DagBag from /opt/airflow/dags/demo-dag.py
[2026-04-26T14:00:20.408+0000] {processor.py:840} INFO - DAG(s) 'demo_diplom_dag' retrieved from /opt/airflow/dags/demo-dag.py
[2026-04-26T14:00:20.432+0000] {logging_mixin.py:188} INFO - [2026-04-26T14:00:20.432+0000] {dag.py:3036} INFO - Sync 1 DAGs
[2026-04-26T14:00:20.448+0000] {logging_mixin.py:188} INFO - [2026-04-26T14:00:20.448+0000] {dag.py:3823} INFO - Setting next_dagrun for demo_diplom_dag to 2026-04-26 00:00:00+00:00, run_after=2026-05-03 00:00:00+00:00
[2026-04-26T14:00:20.463+0000] {processor.py:183} INFO - Processing /opt/airflow/dags/demo-dag.py took 0.081 seconds
[2026-04-26T14:00:50.560+0000] {processor.py:161} INFO - Started process (PID=315) to work on /opt/airflow/dags/demo-dag.py
[2026-04-26T14:00:50.561+0000] {processor.py:830} INFO - Processing file /opt/airflow/dags/demo-dag.py for tasks to queue
[2026-04-26T14:00:50.562+0000] {logging_mixin.py:188} INFO - [2026-04-26T14:00:50.562+0000] {dagbag.py:538} INFO - Filling up the DagBag from /opt/airflow/dags/demo-dag.py
[2026-04-26T14:00:50.579+0000] {processor.py:840} INFO - DAG(s) 'demo_diplom_dag' retrieved from /opt/airflow/dags/demo-dag.py
[2026-04-26T14:00:50.601+0000] {logging_mixin.py:188} INFO - [2026-04-26T14:00:50.601+0000] {dag.py:3036} INFO - Sync 1 DAGs
[2026-04-26T14:00:50.617+0000] {logging_mixin.py:188} INFO - [2026-04-26T14:00:50.617+0000] {dag.py:3823} INFO - Setting next_dagrun for demo_diplom_dag to 2026-04-26 00:00:00+00:00, run_after=2026-05-03 00:00:00+00:00
[2026-04-26T14:00:50.631+0000] {processor.py:183} INFO - Processing /opt/airflow/dags/demo-dag.py took 0.074 seconds
[2026-04-26T14:01:20.686+0000] {processor.py:161} INFO - Started process (PID=320) to work on /opt/airflow/dags/demo-dag.py
[2026-04-26T14:01:20.687+0000] {processor.py:830} INFO - Processing file /opt/airflow/dags/demo-dag.py for tasks to queue
[2026-04-26T14:01:20.688+0000] {logging_mixin.py:188} INFO - [2026-04-26T14:01:20.687+0000] {dagbag.py:538} INFO - Filling up the DagBag from /opt/airflow/dags/demo-dag.py
[2026-04-26T14:01:20.707+0000] {processor.py:840} INFO - DAG(s) 'demo_diplom_dag' retrieved from /opt/airflow/dags/demo-dag.py
[2026-04-26T14:01:20.731+0000] {logging_mixin.py:188} INFO - [2026-04-26T14:01:20.731+0000] {dag.py:3036} INFO - Sync 1 DAGs
[2026-04-26T14:01:20.748+0000] {logging_mixin.py:188} INFO - [2026-04-26T14:01:20.748+0000] {dag.py:3823} INFO - Setting next_dagrun for demo_diplom_dag to 2026-04-26 00:00:00+00:00, run_after=2026-05-03 00:00:00+00:00
[2026-04-26T14:01:20.762+0000] {processor.py:183} INFO - Processing /opt/airflow/dags/demo-dag.py took 0.080 seconds
[2026-04-26T14:01:50.876+0000] {processor.py:161} INFO - Started process (PID=325) to work on /opt/airflow/dags/demo-dag.py
[2026-04-26T14:01:50.877+0000] {processor.py:830} INFO - Processing file /opt/airflow/dags/demo-dag.py for tasks to queue
[2026-04-26T14:01:50.878+0000] {logging_mixin.py:188} INFO - [2026-04-26T14:01:50.877+0000] {dagbag.py:538} INFO - Filling up the DagBag from /opt/airflow/dags/demo-dag.py
[2026-04-26T14:01:50.897+0000] {processor.py:840} INFO - DAG(s) 'demo_diplom_dag' retrieved from /opt/airflow/dags/demo-dag.py
[2026-04-26T14:01:50.920+0000] {logging_mixin.py:188} INFO - [2026-04-26T14:01:50.920+0000] {dag.py:3036} INFO - Sync 1 DAGs
[2026-04-26T14:01:50.937+0000] {logging_mixin.py:188} INFO - [2026-04-26T14:01:50.937+0000] {dag.py:3823} INFO - Setting next_dagrun for demo_diplom_dag to 2026-04-26 00:00:00+00:00, run_after=2026-05-03 00:00:00+00:00
[2026-04-26T14:01:50.951+0000] {processor.py:183} INFO - Processing /opt/airflow/dags/demo-dag.py took 0.078 seconds
[2026-04-26T14:02:21.002+0000] {processor.py:161} INFO - Started process (PID=330) to work on /opt/airflow/dags/demo-dag.py
[2026-04-26T14:02:21.003+0000] {processor.py:830} INFO - Processing file /opt/airflow/dags/demo-dag.py for tasks to queue
[2026-04-26T14:02:21.003+0000] {logging_mixin.py:188} INFO - [2026-04-26T14:02:21.003+0000] {dagbag.py:538} INFO - Filling up the DagBag from /opt/airflow/dags/demo-dag.py
[2026-04-26T14:02:21.023+0000] {processor.py:840} INFO - DAG(s) 'demo_diplom_dag' retrieved from /opt/airflow/dags/demo-dag.py
[2026-04-26T14:02:21.046+0000] {logging_mixin.py:188} INFO - [2026-04-26T14:02:21.046+0000] {dag.py:3036} INFO - Sync 1 DAGs
[2026-04-26T14:02:21.063+0000] {logging_mixin.py:188} INFO - [2026-04-26T14:02:21.063+0000] {dag.py:3823} INFO - Setting next_dagrun for demo_diplom_dag to 2026-04-26 00:00:00+00:00, run_after=2026-05-03 00:00:00+00:00
[2026-04-26T14:02:21.077+0000] {processor.py:183} INFO - Processing /opt/airflow/dags/demo-dag.py took 0.077 seconds
[2026-04-26T14:02:51.185+0000] {processor.py:161} INFO - Started process (PID=335) to work on /opt/airflow/dags/demo-dag.py
[2026-04-26T14:02:51.186+0000] {processor.py:830} INFO - Processing file /opt/airflow/dags/demo-dag.py for tasks to queue
[2026-04-26T14:02:51.187+0000] {logging_mixin.py:188} INFO - [2026-04-26T14:02:51.186+0000] {dagbag.py:538} INFO - Filling up the DagBag from /opt/airflow/dags/demo-dag.py
[2026-04-26T14:02:51.206+0000] {processor.py:840} INFO - DAG(s) 'demo_diplom_dag' retrieved from /opt/airflow/dags/demo-dag.py
[2026-04-26T14:02:51.229+0000] {logging_mixin.py:188} INFO - [2026-04-26T14:02:51.228+0000] {dag.py:3036} INFO - Sync 1 DAGs
[2026-04-26T14:02:51.244+0000] {logging_mixin.py:188} INFO - [2026-04-26T14:02:51.244+0000] {dag.py:3823} INFO - Setting next_dagrun for demo_diplom_dag to 2026-04-26 00:00:00+00:00, run_after=2026-05-03 00:00:00+00:00
[2026-04-26T14:02:51.257+0000] {processor.py:183} INFO - Processing /opt/airflow/dags/demo-dag.py took 0.075 seconds
[2026-04-26T14:03:21.314+0000] {processor.py:161} INFO - Started process (PID=340) to work on /opt/airflow/dags/demo-dag.py
[2026-04-26T14:03:21.315+0000] {processor.py:830} INFO - Processing file /opt/airflow/dags/demo-dag.py for tasks to queue
[2026-04-26T14:03:21.316+0000] {logging_mixin.py:188} INFO - [2026-04-26T14:03:21.315+0000] {dagbag.py:538} INFO - Filling up the DagBag from /opt/airflow/dags/demo-dag.py
[2026-04-26T14:03:21.334+0000] {processor.py:840} INFO - DAG(s) 'demo_diplom_dag' retrieved from /opt/airflow/dags/demo-dag.py
[2026-04-26T14:03:21.357+0000] {logging_mixin.py:188} INFO - [2026-04-26T14:03:21.357+0000] {dag.py:3036} INFO - Sync 1 DAGs
[2026-04-26T14:03:21.373+0000] {logging_mixin.py:188} INFO - [2026-04-26T14:03:21.373+0000] {dag.py:3823} INFO - Setting next_dagrun for demo_diplom_dag to 2026-04-26 00:00:00+00:00, run_after=2026-05-03 00:00:00+00:00
[2026-04-26T14:03:21.386+0000] {processor.py:183} INFO - Processing /opt/airflow/dags/demo-dag.py took 0.076 seconds
[2026-04-26T14:03:51.491+0000] {processor.py:161} INFO - Started process (PID=345) to work on /opt/airflow/dags/demo-dag.py
[2026-04-26T14:03:51.492+0000] {processor.py:830} INFO - Processing file /opt/airflow/dags/demo-dag.py for tasks to queue
[2026-04-26T14:03:51.493+0000] {logging_mixin.py:188} INFO - [2026-04-26T14:03:51.493+0000] {dagbag.py:538} INFO - Filling up the DagBag from /opt/airflow/dags/demo-dag.py
[2026-04-26T14:03:51.510+0000] {processor.py:840} INFO - DAG(s) 'demo_diplom_dag' retrieved from /opt/airflow/dags/demo-dag.py
[2026-04-26T14:03:51.533+0000] {logging_mixin.py:188} INFO - [2026-04-26T14:03:51.532+0000] {dag.py:3036} INFO - Sync 1 DAGs
[2026-04-26T14:03:51.549+0000] {logging_mixin.py:188} INFO - [2026-04-26T14:03:51.548+0000] {dag.py:3823} INFO - Setting next_dagrun for demo_diplom_dag to 2026-04-26 00:00:00+00:00, run_after=2026-05-03 00:00:00+00:00
[2026-04-26T14:03:51.561+0000] {processor.py:183} INFO - Processing /opt/airflow/dags/demo-dag.py took 0.072 seconds
[2026-04-26T14:04:21.618+0000] {processor.py:161} INFO - Started process (PID=350) to work on /opt/airflow/dags/demo-dag.py
[2026-04-26T14:04:21.619+0000] {processor.py:830} INFO - Processing file /opt/airflow/dags/demo-dag.py for tasks to queue
[2026-04-26T14:04:21.620+0000] {logging_mixin.py:188} INFO - [2026-04-26T14:04:21.619+0000] {dagbag.py:538} INFO - Filling up the DagBag from /opt/airflow/dags/demo-dag.py
[2026-04-26T14:04:21.635+0000] {processor.py:840} INFO - DAG(s) 'demo_diplom_dag' retrieved from /opt/airflow/dags/demo-dag.py
[2026-04-26T14:04:21.658+0000] {logging_mixin.py:188} INFO - [2026-04-26T14:04:21.658+0000] {dag.py:3036} INFO - Sync 1 DAGs
[2026-04-26T14:04:21.674+0000] {logging_mixin.py:188} INFO - [2026-04-26T14:04:21.674+0000] {dag.py:3823} INFO - Setting next_dagrun for demo_diplom_dag to 2026-04-26 00:00:00+00:00, run_after=2026-05-03 00:00:00+00:00
[2026-04-26T14:04:21.687+0000] {processor.py:183} INFO - Processing /opt/airflow/dags/demo-dag.py took 0.071 seconds
[2026-04-26T14:04:51.798+0000] {processor.py:161} INFO - Started process (PID=355) to work on /opt/airflow/dags/demo-dag.py
[2026-04-26T14:04:51.799+0000] {processor.py:830} INFO - Processing file /opt/airflow/dags/demo-dag.py for tasks to queue
[2026-04-26T14:04:51.799+0000] {logging_mixin.py:188} INFO - [2026-04-26T14:04:51.799+0000] {dagbag.py:538} INFO - Filling up the DagBag from /opt/airflow/dags/demo-dag.py
[2026-04-26T14:04:51.817+0000] {processor.py:840} INFO - DAG(s) 'demo_diplom_dag' retrieved from /opt/airflow/dags/demo-dag.py
[2026-04-26T14:04:51.840+0000] {logging_mixin.py:188} INFO - [2026-04-26T14:04:51.840+0000] {dag.py:3036} INFO - Sync 1 DAGs
[2026-04-26T14:04:51.859+0000] {logging_mixin.py:188} INFO - [2026-04-26T14:04:51.858+0000] {dag.py:3823} INFO - Setting next_dagrun for demo_diplom_dag to 2026-04-26 00:00:00+00:00, run_after=2026-05-03 00:00:00+00:00
[2026-04-26T14:04:51.873+0000] {processor.py:183} INFO - Processing /opt/airflow/dags/demo-dag.py took 0.078 seconds
[2026-04-26T14:05:21.934+0000] {processor.py:161} INFO - Started process (PID=360) to work on /opt/airflow/dags/demo-dag.py
[2026-04-26T14:05:21.935+0000] {processor.py:830} INFO - Processing file /opt/airflow/dags/demo-dag.py for tasks to queue
[2026-04-26T14:05:21.936+0000] {logging_mixin.py:188} INFO - [2026-04-26T14:05:21.936+0000] {dagbag.py:538} INFO - Filling up the DagBag from /opt/airflow/dags/demo-dag.py
[2026-04-26T14:05:21.959+0000] {processor.py:840} INFO - DAG(s) 'demo_diplom_dag' retrieved from /opt/airflow/dags/demo-dag.py
[2026-04-26T14:05:21.988+0000] {logging_mixin.py:188} INFO - [2026-04-26T14:05:21.988+0000] {dag.py:3036} INFO - Sync 1 DAGs
[2026-04-26T14:05:22.006+0000] {logging_mixin.py:188} INFO - [2026-04-26T14:05:22.005+0000] {dag.py:3823} INFO - Setting next_dagrun for demo_diplom_dag to 2026-04-26 00:00:00+00:00, run_after=2026-05-03 00:00:00+00:00
[2026-04-26T14:05:22.020+0000] {processor.py:183} INFO - Processing /opt/airflow/dags/demo-dag.py took 0.089 seconds
[2026-04-26T14:05:52.105+0000] {processor.py:161} INFO - Started process (PID=365) to work on /opt/airflow/dags/demo-dag.py
[2026-04-26T14:05:52.106+0000] {processor.py:830} INFO - Processing file /opt/airflow/dags/demo-dag.py for tasks to queue
[2026-04-26T14:05:52.106+0000] {logging_mixin.py:188} INFO - [2026-04-26T14:05:52.106+0000] {dagbag.py:538} INFO - Filling up the DagBag from /opt/airflow/dags/demo-dag.py
[2026-04-26T14:05:52.122+0000] {processor.py:840} INFO - DAG(s) 'demo_diplom_dag' retrieved from /opt/airflow/dags/demo-dag.py
[2026-04-26T14:05:52.143+0000] {logging_mixin.py:188} INFO - [2026-04-26T14:05:52.143+0000] {dag.py:3036} INFO - Sync 1 DAGs
[2026-04-26T14:05:52.159+0000] {logging_mixin.py:188} INFO - [2026-04-26T14:05:52.159+0000] {dag.py:3823} INFO - Setting next_dagrun for demo_diplom_dag to 2026-04-26 00:00:00+00:00, run_after=2026-05-03 00:00:00+00:00
[2026-04-26T14:05:52.173+0000] {processor.py:183} INFO - Processing /opt/airflow/dags/demo-dag.py took 0.070 seconds
[2026-04-26T14:06:22.249+0000] {processor.py:161} INFO - Started process (PID=370) to work on /opt/airflow/dags/demo-dag.py
[2026-04-26T14:06:22.249+0000] {processor.py:830} INFO - Processing file /opt/airflow/dags/demo-dag.py for tasks to queue
[2026-04-26T14:06:22.250+0000] {logging_mixin.py:188} INFO - [2026-04-26T14:06:22.250+0000] {dagbag.py:538} INFO - Filling up the DagBag from /opt/airflow/dags/demo-dag.py
[2026-04-26T14:06:22.270+0000] {processor.py:840} INFO - DAG(s) 'demo_diplom_dag' retrieved from /opt/airflow/dags/demo-dag.py
[2026-04-26T14:06:22.290+0000] {logging_mixin.py:188} INFO - [2026-04-26T14:06:22.290+0000] {dag.py:3036} INFO - Sync 1 DAGs
[2026-04-26T14:06:22.307+0000] {logging_mixin.py:188} INFO - [2026-04-26T14:06:22.306+0000] {dag.py:3823} INFO - Setting next_dagrun for demo_diplom_dag to 2026-04-26 00:00:00+00:00, run_after=2026-05-03 00:00:00+00:00
[2026-04-26T14:06:22.319+0000] {processor.py:183} INFO - Processing /opt/airflow/dags/demo-dag.py took 0.073 seconds
[2026-04-26T14:06:52.413+0000] {processor.py:161} INFO - Started process (PID=375) to work on /opt/airflow/dags/demo-dag.py
[2026-04-26T14:06:52.414+0000] {processor.py:830} INFO - Processing file /opt/airflow/dags/demo-dag.py for tasks to queue
[2026-04-26T14:06:52.414+0000] {logging_mixin.py:188} INFO - [2026-04-26T14:06:52.414+0000] {dagbag.py:538} INFO - Filling up the DagBag from /opt/airflow/dags/demo-dag.py
[2026-04-26T14:06:52.432+0000] {processor.py:840} INFO - DAG(s) 'demo_diplom_dag' retrieved from /opt/airflow/dags/demo-dag.py
[2026-04-26T14:06:52.453+0000] {logging_mixin.py:188} INFO - [2026-04-26T14:06:52.453+0000] {dag.py:3036} INFO - Sync 1 DAGs
[2026-04-26T14:06:52.470+0000] {logging_mixin.py:188} INFO - [2026-04-26T14:06:52.470+0000] {dag.py:3823} INFO - Setting next_dagrun for demo_diplom_dag to 2026-04-26 00:00:00+00:00, run_after=2026-05-03 00:00:00+00:00
[2026-04-26T14:06:52.484+0000] {processor.py:183} INFO - Processing /opt/airflow/dags/demo-dag.py took 0.073 seconds
[2026-04-26T14:07:22.548+0000] {processor.py:161} INFO - Started process (PID=380) to work on /opt/airflow/dags/demo-dag.py
[2026-04-26T14:07:22.549+0000] {processor.py:830} INFO - Processing file /opt/airflow/dags/demo-dag.py for tasks to queue
[2026-04-26T14:07:22.549+0000] {logging_mixin.py:188} INFO - [2026-04-26T14:07:22.549+0000] {dagbag.py:538} INFO - Filling up the DagBag from /opt/airflow/dags/demo-dag.py
[2026-04-26T14:07:22.566+0000] {processor.py:840} INFO - DAG(s) 'demo_diplom_dag' retrieved from /opt/airflow/dags/demo-dag.py
[2026-04-26T14:07:22.590+0000] {logging_mixin.py:188} INFO - [2026-04-26T14:07:22.590+0000] {dag.py:3036} INFO - Sync 1 DAGs
[2026-04-26T14:07:22.606+0000] {logging_mixin.py:188} INFO - [2026-04-26T14:07:22.606+0000] {dag.py:3823} INFO - Setting next_dagrun for demo_diplom_dag to 2026-04-26 00:00:00+00:00, run_after=2026-05-03 00:00:00+00:00
[2026-04-26T14:07:22.619+0000] {processor.py:183} INFO - Processing /opt/airflow/dags/demo-dag.py took 0.074 seconds
[2026-04-26T14:07:52.716+0000] {processor.py:161} INFO - Started process (PID=385) to work on /opt/airflow/dags/demo-dag.py
[2026-04-26T14:07:52.717+0000] {processor.py:830} INFO - Processing file /opt/airflow/dags/demo-dag.py for tasks to queue
[2026-04-26T14:07:52.718+0000] {logging_mixin.py:188} INFO - [2026-04-26T14:07:52.718+0000] {dagbag.py:538} INFO - Filling up the DagBag from /opt/airflow/dags/demo-dag.py
[2026-04-26T14:07:52.735+0000] {processor.py:840} INFO - DAG(s) 'demo_diplom_dag' retrieved from /opt/airflow/dags/demo-dag.py
[2026-04-26T14:07:52.758+0000] {logging_mixin.py:188} INFO - [2026-04-26T14:07:52.757+0000] {dag.py:3036} INFO - Sync 1 DAGs
[2026-04-26T14:07:52.775+0000] {logging_mixin.py:188} INFO - [2026-04-26T14:07:52.775+0000] {dag.py:3823} INFO - Setting next_dagrun for demo_diplom_dag to 2026-04-26 00:00:00+00:00, run_after=2026-05-03 00:00:00+00:00
[2026-04-26T14:07:52.789+0000] {processor.py:183} INFO - Processing /opt/airflow/dags/demo-dag.py took 0.075 seconds
[2026-04-26T14:08:22.851+0000] {processor.py:161} INFO - Started process (PID=390) to work on /opt/airflow/dags/demo-dag.py
[2026-04-26T14:08:22.852+0000] {processor.py:830} INFO - Processing file /opt/airflow/dags/demo-dag.py for tasks to queue
[2026-04-26T14:08:22.853+0000] {logging_mixin.py:188} INFO - [2026-04-26T14:08:22.852+0000] {dagbag.py:538} INFO - Filling up the DagBag from /opt/airflow/dags/demo-dag.py
[2026-04-26T14:08:22.867+0000] {processor.py:840} INFO - DAG(s) 'demo_diplom_dag' retrieved from /opt/airflow/dags/demo-dag.py
[2026-04-26T14:08:22.889+0000] {logging_mixin.py:188} INFO - [2026-04-26T14:08:22.889+0000] {dag.py:3036} INFO - Sync 1 DAGs
[2026-04-26T14:08:22.904+0000] {logging_mixin.py:188} INFO - [2026-04-26T14:08:22.904+0000] {dag.py:3823} INFO - Setting next_dagrun for demo_diplom_dag to 2026-04-26 00:00:00+00:00, run_after=2026-05-03 00:00:00+00:00
[2026-04-26T14:08:22.917+0000] {processor.py:183} INFO - Processing /opt/airflow/dags/demo-dag.py took 0.068 seconds
[2026-04-26T14:08:53.015+0000] {processor.py:161} INFO - Started process (PID=395) to work on /opt/airflow/dags/demo-dag.py
[2026-04-26T14:08:53.016+0000] {processor.py:830} INFO - Processing file /opt/airflow/dags/demo-dag.py for tasks to queue
[2026-04-26T14:08:53.017+0000] {logging_mixin.py:188} INFO - [2026-04-26T14:08:53.017+0000] {dagbag.py:538} INFO - Filling up the DagBag from /opt/airflow/dags/demo-dag.py
[2026-04-26T14:08:53.034+0000] {processor.py:840} INFO - DAG(s) 'demo_diplom_dag' retrieved from /opt/airflow/dags/demo-dag.py
[2026-04-26T14:08:53.057+0000] {logging_mixin.py:188} INFO - [2026-04-26T14:08:53.057+0000] {dag.py:3036} INFO - Sync 1 DAGs
[2026-04-26T14:08:53.073+0000] {logging_mixin.py:188} INFO - [2026-04-26T14:08:53.073+0000] {dag.py:3823} INFO - Setting next_dagrun for demo_diplom_dag to 2026-04-26 00:00:00+00:00, run_after=2026-05-03 00:00:00+00:00
[2026-04-26T14:08:53.086+0000] {processor.py:183} INFO - Processing /opt/airflow/dags/demo-dag.py took 0.073 seconds
[2026-04-26T14:09:23.152+0000] {processor.py:161} INFO - Started process (PID=400) to work on /opt/airflow/dags/demo-dag.py
[2026-04-26T14:09:23.153+0000] {processor.py:830} INFO - Processing file /opt/airflow/dags/demo-dag.py for tasks to queue
[2026-04-26T14:09:23.154+0000] {logging_mixin.py:188} INFO - [2026-04-26T14:09:23.153+0000] {dagbag.py:538} INFO - Filling up the DagBag from /opt/airflow/dags/demo-dag.py
[2026-04-26T14:09:23.170+0000] {processor.py:840} INFO - DAG(s) 'demo_diplom_dag' retrieved from /opt/airflow/dags/demo-dag.py
[2026-04-26T14:09:23.192+0000] {logging_mixin.py:188} INFO - [2026-04-26T14:09:23.192+0000] {dag.py:3036} INFO - Sync 1 DAGs
[2026-04-26T14:09:23.208+0000] {logging_mixin.py:188} INFO - [2026-04-26T14:09:23.208+0000] {dag.py:3823} INFO - Setting next_dagrun for demo_diplom_dag to 2026-04-26 00:00:00+00:00, run_after=2026-05-03 00:00:00+00:00
[2026-04-26T14:09:23.222+0000] {processor.py:183} INFO - Processing /opt/airflow/dags/demo-dag.py took 0.073 seconds
[2026-04-26T14:09:53.328+0000] {processor.py:161} INFO - Started process (PID=405) to work on /opt/airflow/dags/demo-dag.py
[2026-04-26T14:09:53.329+0000] {processor.py:830} INFO - Processing file /opt/airflow/dags/demo-dag.py for tasks to queue
[2026-04-26T14:09:53.329+0000] {logging_mixin.py:188} INFO - [2026-04-26T14:09:53.329+0000] {dagbag.py:538} INFO - Filling up the DagBag from /opt/airflow/dags/demo-dag.py
[2026-04-26T14:09:53.345+0000] {processor.py:840} INFO - DAG(s) 'demo_diplom_dag' retrieved from /opt/airflow/dags/demo-dag.py
[2026-04-26T14:09:53.366+0000] {logging_mixin.py:188} INFO - [2026-04-26T14:09:53.366+0000] {dag.py:3036} INFO - Sync 1 DAGs
[2026-04-26T14:09:53.383+0000] {logging_mixin.py:188} INFO - [2026-04-26T14:09:53.383+0000] {dag.py:3823} INFO - Setting next_dagrun for demo_diplom_dag to 2026-04-26 00:00:00+00:00, run_after=2026-05-03 00:00:00+00:00
[2026-04-26T14:09:53.398+0000] {processor.py:183} INFO - Processing /opt/airflow/dags/demo-dag.py took 0.072 seconds
[2026-04-26T14:10:23.454+0000] {processor.py:161} INFO - Started process (PID=410) to work on /opt/airflow/dags/demo-dag.py
[2026-04-26T14:10:23.454+0000] {processor.py:830} INFO - Processing file /opt/airflow/dags/demo-dag.py for tasks to queue
[2026-04-26T14:10:23.455+0000] {logging_mixin.py:188} INFO - [2026-04-26T14:10:23.455+0000] {dagbag.py:538} INFO - Filling up the DagBag from /opt/airflow/dags/demo-dag.py
[2026-04-26T14:10:23.475+0000] {processor.py:840} INFO - DAG(s) 'demo_diplom_dag' retrieved from /opt/airflow/dags/demo-dag.py
[2026-04-26T14:10:23.500+0000] {logging_mixin.py:188} INFO - [2026-04-26T14:10:23.499+0000] {dag.py:3036} INFO - Sync 1 DAGs
[2026-04-26T14:10:23.515+0000] {logging_mixin.py:188} INFO - [2026-04-26T14:10:23.515+0000] {dag.py:3823} INFO - Setting next_dagrun for demo_diplom_dag to 2026-04-26 00:00:00+00:00, run_after=2026-05-03 00:00:00+00:00
[2026-04-26T14:10:23.526+0000] {processor.py:183} INFO - Processing /opt/airflow/dags/demo-dag.py took 0.076 seconds
[2026-04-26T14:10:53.624+0000] {processor.py:161} INFO - Started process (PID=415) to work on /opt/airflow/dags/demo-dag.py
[2026-04-26T14:10:53.625+0000] {processor.py:830} INFO - Processing file /opt/airflow/dags/demo-dag.py for tasks to queue
[2026-04-26T14:10:53.626+0000] {logging_mixin.py:188} INFO - [2026-04-26T14:10:53.626+0000] {dagbag.py:538} INFO - Filling up the DagBag from /opt/airflow/dags/demo-dag.py
[2026-04-26T14:10:53.642+0000] {processor.py:840} INFO - DAG(s) 'demo_diplom_dag' retrieved from /opt/airflow/dags/demo-dag.py
[2026-04-26T14:10:53.662+0000] {logging_mixin.py:188} INFO - [2026-04-26T14:10:53.662+0000] {dag.py:3036} INFO - Sync 1 DAGs
[2026-04-26T14:10:53.677+0000] {logging_mixin.py:188} INFO - [2026-04-26T14:10:53.677+0000] {dag.py:3823} INFO - Setting next_dagrun for demo_diplom_dag to 2026-04-26 00:00:00+00:00, run_after=2026-05-03 00:00:00+00:00
[2026-04-26T14:10:53.689+0000] {processor.py:183} INFO - Processing /opt/airflow/dags/demo-dag.py took 0.067 seconds
[2026-04-26T14:11:23.752+0000] {processor.py:161} INFO - Started process (PID=420) to work on /opt/airflow/dags/demo-dag.py
[2026-04-26T14:11:23.752+0000] {processor.py:830} INFO - Processing file /opt/airflow/dags/demo-dag.py for tasks to queue
[2026-04-26T14:11:23.753+0000] {logging_mixin.py:188} INFO - [2026-04-26T14:11:23.753+0000] {dagbag.py:538} INFO - Filling up the DagBag from /opt/airflow/dags/demo-dag.py
[2026-04-26T14:11:23.769+0000] {processor.py:840} INFO - DAG(s) 'demo_diplom_dag' retrieved from /opt/airflow/dags/demo-dag.py
[2026-04-26T14:11:23.790+0000] {logging_mixin.py:188} INFO - [2026-04-26T14:11:23.790+0000] {dag.py:3036} INFO - Sync 1 DAGs
[2026-04-26T14:11:23.804+0000] {logging_mixin.py:188} INFO - [2026-04-26T14:11:23.804+0000] {dag.py:3823} INFO - Setting next_dagrun for demo_diplom_dag to 2026-04-26 00:00:00+00:00, run_after=2026-05-03 00:00:00+00:00
[2026-04-26T14:11:23.815+0000] {processor.py:183} INFO - Processing /opt/airflow/dags/demo-dag.py took 0.066 seconds
[2026-04-26T14:11:53.936+0000] {processor.py:161} INFO - Started process (PID=425) to work on /opt/airflow/dags/demo-dag.py
[2026-04-26T14:11:53.936+0000] {processor.py:830} INFO - Processing file /opt/airflow/dags/demo-dag.py for tasks to queue
[2026-04-26T14:11:53.937+0000] {logging_mixin.py:188} INFO - [2026-04-26T14:11:53.937+0000] {dagbag.py:538} INFO - Filling up the DagBag from /opt/airflow/dags/demo-dag.py
[2026-04-26T14:11:53.952+0000] {processor.py:840} INFO - DAG(s) 'demo_diplom_dag' retrieved from /opt/airflow/dags/demo-dag.py
[2026-04-26T14:11:53.971+0000] {logging_mixin.py:188} INFO - [2026-04-26T14:11:53.971+0000] {dag.py:3036} INFO - Sync 1 DAGs
[2026-04-26T14:11:53.984+0000] {logging_mixin.py:188} INFO - [2026-04-26T14:11:53.984+0000] {dag.py:3823} INFO - Setting next_dagrun for demo_diplom_dag to 2026-04-26 00:00:00+00:00, run_after=2026-05-03 00:00:00+00:00
[2026-04-26T14:11:53.996+0000] {processor.py:183} INFO - Processing /opt/airflow/dags/demo-dag.py took 0.063 seconds
[2026-04-26T14:12:24.063+0000] {processor.py:161} INFO - Started process (PID=430) to work on /opt/airflow/dags/demo-dag.py
[2026-04-26T14:12:24.064+0000] {processor.py:830} INFO - Processing file /opt/airflow/dags/demo-dag.py for tasks to queue
[2026-04-26T14:12:24.064+0000] {logging_mixin.py:188} INFO - [2026-04-26T14:12:24.064+0000] {dagbag.py:538} INFO - Filling up the DagBag from /opt/airflow/dags/demo-dag.py
[2026-04-26T14:12:24.081+0000] {processor.py:840} INFO - DAG(s) 'demo_diplom_dag' retrieved from /opt/airflow/dags/demo-dag.py
[2026-04-26T14:12:24.100+0000] {logging_mixin.py:188} INFO - [2026-04-26T14:12:24.100+0000] {dag.py:3036} INFO - Sync 1 DAGs
[2026-04-26T14:12:24.114+0000] {logging_mixin.py:188} INFO - [2026-04-26T14:12:24.114+0000] {dag.py:3823} INFO - Setting next_dagrun for demo_diplom_dag to 2026-04-26 00:00:00+00:00, run_after=2026-05-03 00:00:00+00:00
[2026-04-26T14:12:24.126+0000] {processor.py:183} INFO - Processing /opt/airflow/dags/demo-dag.py took 0.066 seconds
[2026-04-26T14:12:54.226+0000] {processor.py:161} INFO - Started process (PID=435) to work on /opt/airflow/dags/demo-dag.py
[2026-04-26T14:12:54.227+0000] {processor.py:830} INFO - Processing file /opt/airflow/dags/demo-dag.py for tasks to queue
[2026-04-26T14:12:54.227+0000] {logging_mixin.py:188} INFO - [2026-04-26T14:12:54.227+0000] {dagbag.py:538} INFO - Filling up the DagBag from /opt/airflow/dags/demo-dag.py
[2026-04-26T14:12:54.242+0000] {processor.py:840} INFO - DAG(s) 'demo_diplom_dag' retrieved from /opt/airflow/dags/demo-dag.py
[2026-04-26T14:12:54.260+0000] {logging_mixin.py:188} INFO - [2026-04-26T14:12:54.260+0000] {dag.py:3036} INFO - Sync 1 DAGs
[2026-04-26T14:12:54.273+0000] {logging_mixin.py:188} INFO - [2026-04-26T14:12:54.273+0000] {dag.py:3823} INFO - Setting next_dagrun for demo_diplom_dag to 2026-04-26 00:00:00+00:00, run_after=2026-05-03 00:00:00+00:00
[2026-04-26T14:12:54.285+0000] {processor.py:183} INFO - Processing /opt/airflow/dags/demo-dag.py took 0.061 seconds
[2026-04-26T14:13:24.365+0000] {processor.py:161} INFO - Started process (PID=440) to work on /opt/airflow/dags/demo-dag.py
[2026-04-26T14:13:24.365+0000] {processor.py:830} INFO - Processing file /opt/airflow/dags/demo-dag.py for tasks to queue
[2026-04-26T14:13:24.366+0000] {logging_mixin.py:188} INFO - [2026-04-26T14:13:24.366+0000] {dagbag.py:538} INFO - Filling up the DagBag from /opt/airflow/dags/demo-dag.py
[2026-04-26T14:13:24.382+0000] {processor.py:840} INFO - DAG(s) 'demo_diplom_dag' retrieved from /opt/airflow/dags/demo-dag.py
[2026-04-26T14:13:24.404+0000] {logging_mixin.py:188} INFO - [2026-04-26T14:13:24.403+0000] {dag.py:3036} INFO - Sync 1 DAGs
[2026-04-26T14:13:24.418+0000] {logging_mixin.py:188} INFO - [2026-04-26T14:13:24.418+0000] {dag.py:3823} INFO - Setting next_dagrun for demo_diplom_dag to 2026-04-26 00:00:00+00:00, run_after=2026-05-03 00:00:00+00:00
[2026-04-26T14:13:24.430+0000] {processor.py:183} INFO - Processing /opt/airflow/dags/demo-dag.py took 0.069 seconds
[2026-04-26T14:13:54.515+0000] {processor.py:161} INFO - Started process (PID=445) to work on /opt/airflow/dags/demo-dag.py
[2026-04-26T14:13:54.516+0000] {processor.py:830} INFO - Processing file /opt/airflow/dags/demo-dag.py for tasks to queue
[2026-04-26T14:13:54.517+0000] {logging_mixin.py:188} INFO - [2026-04-26T14:13:54.516+0000] {dagbag.py:538} INFO - Filling up the DagBag from /opt/airflow/dags/demo-dag.py
[2026-04-26T14:13:54.532+0000] {processor.py:840} INFO - DAG(s) 'demo_diplom_dag' retrieved from /opt/airflow/dags/demo-dag.py
[2026-04-26T14:13:54.552+0000] {logging_mixin.py:188} INFO - [2026-04-26T14:13:54.552+0000] {dag.py:3036} INFO - Sync 1 DAGs
[2026-04-26T14:13:54.567+0000] {logging_mixin.py:188} INFO - [2026-04-26T14:13:54.567+0000] {dag.py:3823} INFO - Setting next_dagrun for demo_diplom_dag to 2026-04-26 00:00:00+00:00, run_after=2026-05-03 00:00:00+00:00
[2026-04-26T14:13:54.581+0000] {processor.py:183} INFO - Processing /opt/airflow/dags/demo-dag.py took 0.069 seconds
[2026-04-26T14:14:24.666+0000] {processor.py:161} INFO - Started process (PID=450) to work on /opt/airflow/dags/demo-dag.py
[2026-04-26T14:14:24.666+0000] {processor.py:830} INFO - Processing file /opt/airflow/dags/demo-dag.py for tasks to queue
[2026-04-26T14:14:24.667+0000] {logging_mixin.py:188} INFO - [2026-04-26T14:14:24.667+0000] {dagbag.py:538} INFO - Filling up the DagBag from /opt/airflow/dags/demo-dag.py
[2026-04-26T14:14:24.683+0000] {processor.py:840} INFO - DAG(s) 'demo_diplom_dag' retrieved from /opt/airflow/dags/demo-dag.py
[2026-04-26T14:14:24.701+0000] {logging_mixin.py:188} INFO - [2026-04-26T14:14:24.701+0000] {dag.py:3036} INFO - Sync 1 DAGs
[2026-04-26T14:14:24.716+0000] {logging_mixin.py:188} INFO - [2026-04-26T14:14:24.716+0000] {dag.py:3823} INFO - Setting next_dagrun for demo_diplom_dag to 2026-04-26 00:00:00+00:00, run_after=2026-05-03 00:00:00+00:00
[2026-04-26T14:14:24.730+0000] {processor.py:183} INFO - Processing /opt/airflow/dags/demo-dag.py took 0.066 seconds
[2026-04-26T14:14:54.812+0000] {processor.py:161} INFO - Started process (PID=455) to work on /opt/airflow/dags/demo-dag.py
[2026-04-26T14:14:54.813+0000] {processor.py:830} INFO - Processing file /opt/airflow/dags/demo-dag.py for tasks to queue
[2026-04-26T14:14:54.814+0000] {logging_mixin.py:188} INFO - [2026-04-26T14:14:54.814+0000] {dagbag.py:538} INFO - Filling up the DagBag from /opt/airflow/dags/demo-dag.py
[2026-04-26T14:14:54.832+0000] {processor.py:840} INFO - DAG(s) 'demo_diplom_dag' retrieved from /opt/airflow/dags/demo-dag.py
[2026-04-26T14:14:54.852+0000] {logging_mixin.py:188} INFO - [2026-04-26T14:14:54.852+0000] {dag.py:3036} INFO - Sync 1 DAGs
[2026-04-26T14:14:54.869+0000] {logging_mixin.py:188} INFO - [2026-04-26T14:14:54.868+0000] {dag.py:3823} INFO - Setting next_dagrun for demo_diplom_dag to 2026-04-26 00:00:00+00:00, run_after=2026-05-03 00:00:00+00:00
[2026-04-26T14:14:54.882+0000] {processor.py:183} INFO - Processing /opt/airflow/dags/demo-dag.py took 0.073 seconds
[2026-04-26T14:15:24.951+0000] {processor.py:161} INFO - Started process (PID=460) to work on /opt/airflow/dags/demo-dag.py
[2026-04-26T14:15:24.952+0000] {processor.py:830} INFO - Processing file /opt/airflow/dags/demo-dag.py for tasks to queue
[2026-04-26T14:15:24.953+0000] {logging_mixin.py:188} INFO - [2026-04-26T14:15:24.952+0000] {dagbag.py:538} INFO - Filling up the DagBag from /opt/airflow/dags/demo-dag.py
[2026-04-26T14:15:24.967+0000] {processor.py:840} INFO - DAG(s) 'demo_diplom_dag' retrieved from /opt/airflow/dags/demo-dag.py
[2026-04-26T14:15:24.987+0000] {logging_mixin.py:188} INFO - [2026-04-26T14:15:24.987+0000] {dag.py:3036} INFO - Sync 1 DAGs
[2026-04-26T14:15:25.002+0000] {logging_mixin.py:188} INFO - [2026-04-26T14:15:25.002+0000] {dag.py:3823} INFO - Setting next_dagrun for demo_diplom_dag to 2026-04-26 00:00:00+00:00, run_after=2026-05-03 00:00:00+00:00
[2026-04-26T14:15:25.014+0000] {processor.py:183} INFO - Processing /opt/airflow/dags/demo-dag.py took 0.065 seconds
[2026-04-26T14:15:55.111+0000] {processor.py:161} INFO - Started process (PID=465) to work on /opt/airflow/dags/demo-dag.py
[2026-04-26T14:15:55.112+0000] {processor.py:830} INFO - Processing file /opt/airflow/dags/demo-dag.py for tasks to queue
[2026-04-26T14:15:55.113+0000] {logging_mixin.py:188} INFO - [2026-04-26T14:15:55.112+0000] {dagbag.py:538} INFO - Filling up the DagBag from /opt/airflow/dags/demo-dag.py
[2026-04-26T14:15:55.128+0000] {processor.py:840} INFO - DAG(s) 'demo_diplom_dag' retrieved from /opt/airflow/dags/demo-dag.py
[2026-04-26T14:15:55.147+0000] {logging_mixin.py:188} INFO - [2026-04-26T14:15:55.147+0000] {dag.py:3036} INFO - Sync 1 DAGs
[2026-04-26T14:15:55.161+0000] {logging_mixin.py:188} INFO - [2026-04-26T14:15:55.160+0000] {dag.py:3823} INFO - Setting next_dagrun for demo_diplom_dag to 2026-04-26 00:00:00+00:00, run_after=2026-05-03 00:00:00+00:00
[2026-04-26T14:15:55.175+0000] {processor.py:183} INFO - Processing /opt/airflow/dags/demo-dag.py took 0.065 seconds
[2026-04-26T14:16:25.241+0000] {processor.py:161} INFO - Started process (PID=470) to work on /opt/airflow/dags/demo-dag.py
[2026-04-26T14:16:25.241+0000] {processor.py:830} INFO - Processing file /opt/airflow/dags/demo-dag.py for tasks to queue
[2026-04-26T14:16:25.242+0000] {logging_mixin.py:188} INFO - [2026-04-26T14:16:25.242+0000] {dagbag.py:538} INFO - Filling up the DagBag from /opt/airflow/dags/demo-dag.py
[2026-04-26T14:16:25.258+0000] {processor.py:840} INFO - DAG(s) 'demo_diplom_dag' retrieved from /opt/airflow/dags/demo-dag.py
[2026-04-26T14:16:25.277+0000] {logging_mixin.py:188} INFO - [2026-04-26T14:16:25.277+0000] {dag.py:3036} INFO - Sync 1 DAGs
[2026-04-26T14:16:25.292+0000] {logging_mixin.py:188} INFO - [2026-04-26T14:16:25.292+0000] {dag.py:3823} INFO - Setting next_dagrun for demo_diplom_dag to 2026-04-26 00:00:00+00:00, run_after=2026-05-03 00:00:00+00:00
[2026-04-26T14:16:25.304+0000] {processor.py:183} INFO - Processing /opt/airflow/dags/demo-dag.py took 0.066 seconds
[2026-04-26T14:16:55.421+0000] {processor.py:161} INFO - Started process (PID=475) to work on /opt/airflow/dags/demo-dag.py
[2026-04-26T14:16:55.422+0000] {processor.py:830} INFO - Processing file /opt/airflow/dags/demo-dag.py for tasks to queue
[2026-04-26T14:16:55.423+0000] {logging_mixin.py:188} INFO - [2026-04-26T14:16:55.422+0000] {dagbag.py:538} INFO - Filling up the DagBag from /opt/airflow/dags/demo-dag.py
[2026-04-26T14:16:55.438+0000] {processor.py:840} INFO - DAG(s) 'demo_diplom_dag' retrieved from /opt/airflow/dags/demo-dag.py
[2026-04-26T14:16:55.457+0000] {logging_mixin.py:188} INFO - [2026-04-26T14:16:55.456+0000] {dag.py:3036} INFO - Sync 1 DAGs
[2026-04-26T14:16:55.469+0000] {logging_mixin.py:188} INFO - [2026-04-26T14:16:55.469+0000] {dag.py:3823} INFO - Setting next_dagrun for demo_diplom_dag to 2026-04-26 00:00:00+00:00, run_after=2026-05-03 00:00:00+00:00
[2026-04-26T14:16:55.481+0000] {processor.py:183} INFO - Processing /opt/airflow/dags/demo-dag.py took 0.062 seconds
[2026-04-26T14:17:25.551+0000] {processor.py:161} INFO - Started process (PID=480) to work on /opt/airflow/dags/demo-dag.py
[2026-04-26T14:17:25.552+0000] {processor.py:830} INFO - Processing file /opt/airflow/dags/demo-dag.py for tasks to queue
[2026-04-26T14:17:25.552+0000] {logging_mixin.py:188} INFO - [2026-04-26T14:17:25.552+0000] {dagbag.py:538} INFO - Filling up the DagBag from /opt/airflow/dags/demo-dag.py
[2026-04-26T14:17:25.568+0000] {processor.py:840} INFO - DAG(s) 'demo_diplom_dag' retrieved from /opt/airflow/dags/demo-dag.py
[2026-04-26T14:17:25.589+0000] {logging_mixin.py:188} INFO - [2026-04-26T14:17:25.589+0000] {dag.py:3036} INFO - Sync 1 DAGs
[2026-04-26T14:17:25.604+0000] {logging_mixin.py:188} INFO - [2026-04-26T14:17:25.604+0000] {dag.py:3823} INFO - Setting next_dagrun for demo_diplom_dag to 2026-04-26 00:00:00+00:00, run_after=2026-05-03 00:00:00+00:00
[2026-04-26T14:17:25.618+0000] {processor.py:183} INFO - Processing /opt/airflow/dags/demo-dag.py took 0.070 seconds
[2026-04-26T14:17:55.714+0000] {processor.py:161} INFO - Started process (PID=485) to work on /opt/airflow/dags/demo-dag.py
[2026-04-26T14:17:55.715+0000] {processor.py:830} INFO - Processing file /opt/airflow/dags/demo-dag.py for tasks to queue
[2026-04-26T14:17:55.715+0000] {logging_mixin.py:188} INFO - [2026-04-26T14:17:55.715+0000] {dagbag.py:538} INFO - Filling up the DagBag from /opt/airflow/dags/demo-dag.py
[2026-04-26T14:17:55.730+0000] {processor.py:840} INFO - DAG(s) 'demo_diplom_dag' retrieved from /opt/airflow/dags/demo-dag.py
[2026-04-26T14:17:55.749+0000] {logging_mixin.py:188} INFO - [2026-04-26T14:17:55.749+0000] {dag.py:3036} INFO - Sync 1 DAGs
[2026-04-26T14:17:55.765+0000] {logging_mixin.py:188} INFO - [2026-04-26T14:17:55.764+0000] {dag.py:3823} INFO - Setting next_dagrun for demo_diplom_dag to 2026-04-26 00:00:00+00:00, run_after=2026-05-03 00:00:00+00:00
[2026-04-26T14:17:55.778+0000] {processor.py:183} INFO - Processing /opt/airflow/dags/demo-dag.py took 0.066 seconds
[2026-04-26T14:18:25.848+0000] {processor.py:161} INFO - Started process (PID=490) to work on /opt/airflow/dags/demo-dag.py
[2026-04-26T14:18:25.848+0000] {processor.py:830} INFO - Processing file /opt/airflow/dags/demo-dag.py for tasks to queue
[2026-04-26T14:18:25.849+0000] {logging_mixin.py:188} INFO - [2026-04-26T14:18:25.849+0000] {dagbag.py:538} INFO - Filling up the DagBag from /opt/airflow/dags/demo-dag.py
[2026-04-26T14:18:25.866+0000] {processor.py:840} INFO - DAG(s) 'demo_diplom_dag' retrieved from /opt/airflow/dags/demo-dag.py
[2026-04-26T14:18:25.886+0000] {logging_mixin.py:188} INFO - [2026-04-26T14:18:25.886+0000] {dag.py:3036} INFO - Sync 1 DAGs
[2026-04-26T14:18:25.899+0000] {logging_mixin.py:188} INFO - [2026-04-26T14:18:25.899+0000] {dag.py:3823} INFO - Setting next_dagrun for demo_diplom_dag to 2026-04-26 00:00:00+00:00, run_after=2026-05-03 00:00:00+00:00
[2026-04-26T14:18:25.911+0000] {processor.py:183} INFO - Processing /opt/airflow/dags/demo-dag.py took 0.066 seconds
[2026-04-26T14:18:56.007+0000] {processor.py:161} INFO - Started process (PID=495) to work on /opt/airflow/dags/demo-dag.py
[2026-04-26T14:18:56.008+0000] {processor.py:830} INFO - Processing file /opt/airflow/dags/demo-dag.py for tasks to queue
[2026-04-26T14:18:56.009+0000] {logging_mixin.py:188} INFO - [2026-04-26T14:18:56.008+0000] {dagbag.py:538} INFO - Filling up the DagBag from /opt/airflow/dags/demo-dag.py
[2026-04-26T14:18:56.024+0000] {processor.py:840} INFO - DAG(s) 'demo_diplom_dag' retrieved from /opt/airflow/dags/demo-dag.py
[2026-04-26T14:18:56.043+0000] {logging_mixin.py:188} INFO - [2026-04-26T14:18:56.043+0000] {dag.py:3036} INFO - Sync 1 DAGs
[2026-04-26T14:18:56.058+0000] {logging_mixin.py:188} INFO - [2026-04-26T14:18:56.057+0000] {dag.py:3823} INFO - Setting next_dagrun for demo_diplom_dag to 2026-04-26 00:00:00+00:00, run_after=2026-05-03 00:00:00+00:00
[2026-04-26T14:18:56.069+0000] {processor.py:183} INFO - Processing /opt/airflow/dags/demo-dag.py took 0.064 seconds
[2026-04-26T14:19:26.144+0000] {processor.py:161} INFO - Started process (PID=500) to work on /opt/airflow/dags/demo-dag.py
[2026-04-26T14:19:26.145+0000] {processor.py:830} INFO - Processing file /opt/airflow/dags/demo-dag.py for tasks to queue
[2026-04-26T14:19:26.145+0000] {logging_mixin.py:188} INFO - [2026-04-26T14:19:26.145+0000] {dagbag.py:538} INFO - Filling up the DagBag from /opt/airflow/dags/demo-dag.py
[2026-04-26T14:19:26.162+0000] {processor.py:840} INFO - DAG(s) 'demo_diplom_dag' retrieved from /opt/airflow/dags/demo-dag.py
[2026-04-26T14:19:26.181+0000] {logging_mixin.py:188} INFO - [2026-04-26T14:19:26.181+0000] {dag.py:3036} INFO - Sync 1 DAGs
[2026-04-26T14:19:26.195+0000] {logging_mixin.py:188} INFO - [2026-04-26T14:19:26.195+0000] {dag.py:3823} INFO - Setting next_dagrun for demo_diplom_dag to 2026-04-26 00:00:00+00:00, run_after=2026-05-03 00:00:00+00:00
[2026-04-26T14:19:26.208+0000] {processor.py:183} INFO - Processing /opt/airflow/dags/demo-dag.py took 0.067 seconds
[2026-04-26T14:19:56.298+0000] {processor.py:161} INFO - Started process (PID=505) to work on /opt/airflow/dags/demo-dag.py
[2026-04-26T14:19:56.298+0000] {processor.py:830} INFO - Processing file /opt/airflow/dags/demo-dag.py for tasks to queue
[2026-04-26T14:19:56.299+0000] {logging_mixin.py:188} INFO - [2026-04-26T14:19:56.299+0000] {dagbag.py:538} INFO - Filling up the DagBag from /opt/airflow/dags/demo-dag.py
[2026-04-26T14:19:56.315+0000] {processor.py:840} INFO - DAG(s) 'demo_diplom_dag' retrieved from /opt/airflow/dags/demo-dag.py
[2026-04-26T14:19:56.334+0000] {logging_mixin.py:188} INFO - [2026-04-26T14:19:56.333+0000] {dag.py:3036} INFO - Sync 1 DAGs
[2026-04-26T14:19:56.349+0000] {logging_mixin.py:188} INFO - [2026-04-26T14:19:56.349+0000] {dag.py:3823} INFO - Setting next_dagrun for demo_diplom_dag to 2026-04-26 00:00:00+00:00, run_after=2026-05-03 00:00:00+00:00
[2026-04-26T14:19:56.361+0000] {processor.py:183} INFO - Processing /opt/airflow/dags/demo-dag.py took 0.066 seconds
[2026-04-26T14:20:26.435+0000] {processor.py:161} INFO - Started process (PID=510) to work on /opt/airflow/dags/demo-dag.py
[2026-04-26T14:20:26.435+0000] {processor.py:830} INFO - Processing file /opt/airflow/dags/demo-dag.py for tasks to queue
[2026-04-26T14:20:26.436+0000] {logging_mixin.py:188} INFO - [2026-04-26T14:20:26.436+0000] {dagbag.py:538} INFO - Filling up the DagBag from /opt/airflow/dags/demo-dag.py
[2026-04-26T14:20:26.452+0000] {processor.py:840} INFO - DAG(s) 'demo_diplom_dag' retrieved from /opt/airflow/dags/demo-dag.py
[2026-04-26T14:20:26.473+0000] {logging_mixin.py:188} INFO - [2026-04-26T14:20:26.472+0000] {dag.py:3036} INFO - Sync 1 DAGs
[2026-04-26T14:20:26.488+0000] {logging_mixin.py:188} INFO - [2026-04-26T14:20:26.488+0000] {dag.py:3823} INFO - Setting next_dagrun for demo_diplom_dag to 2026-04-26 00:00:00+00:00, run_after=2026-05-03 00:00:00+00:00
[2026-04-26T14:20:26.501+0000] {processor.py:183} INFO - Processing /opt/airflow/dags/demo-dag.py took 0.069 seconds
[2026-04-26T14:20:56.592+0000] {processor.py:161} INFO - Started process (PID=515) to work on /opt/airflow/dags/demo-dag.py
[2026-04-26T14:20:56.592+0000] {processor.py:830} INFO - Processing file /opt/airflow/dags/demo-dag.py for tasks to queue
[2026-04-26T14:20:56.593+0000] {logging_mixin.py:188} INFO - [2026-04-26T14:20:56.593+0000] {dagbag.py:538} INFO - Filling up the DagBag from /opt/airflow/dags/demo-dag.py
[2026-04-26T14:20:56.607+0000] {processor.py:840} INFO - DAG(s) 'demo_diplom_dag' retrieved from /opt/airflow/dags/demo-dag.py
[2026-04-26T14:20:56.626+0000] {logging_mixin.py:188} INFO - [2026-04-26T14:20:56.626+0000] {dag.py:3036} INFO - Sync 1 DAGs
[2026-04-26T14:20:56.641+0000] {logging_mixin.py:188} INFO - [2026-04-26T14:20:56.641+0000] {dag.py:3823} INFO - Setting next_dagrun for demo_diplom_dag to 2026-04-26 00:00:00+00:00, run_after=2026-05-03 00:00:00+00:00
[2026-04-26T14:20:56.654+0000] {processor.py:183} INFO - Processing /opt/airflow/dags/demo-dag.py took 0.064 seconds
[2026-04-26T14:21:26.731+0000] {processor.py:161} INFO - Started process (PID=520) to work on /opt/airflow/dags/demo-dag.py
[2026-04-26T14:21:26.732+0000] {processor.py:830} INFO - Processing file /opt/airflow/dags/demo-dag.py for tasks to queue
[2026-04-26T14:21:26.732+0000] {logging_mixin.py:188} INFO - [2026-04-26T14:21:26.732+0000] {dagbag.py:538} INFO - Filling up the DagBag from /opt/airflow/dags/demo-dag.py
[2026-04-26T14:21:26.749+0000] {processor.py:840} INFO - DAG(s) 'demo_diplom_dag' retrieved from /opt/airflow/dags/demo-dag.py
[2026-04-26T14:21:26.768+0000] {logging_mixin.py:188} INFO - [2026-04-26T14:21:26.768+0000] {dag.py:3036} INFO - Sync 1 DAGs
[2026-04-26T14:21:26.782+0000] {logging_mixin.py:188} INFO - [2026-04-26T14:21:26.782+0000] {dag.py:3823} INFO - Setting next_dagrun for demo_diplom_dag to 2026-04-26 00:00:00+00:00, run_after=2026-05-03 00:00:00+00:00
[2026-04-26T14:21:26.796+0000] {processor.py:183} INFO - Processing /opt/airflow/dags/demo-dag.py took 0.068 seconds
[2026-04-26T14:21:56.918+0000] {processor.py:161} INFO - Started process (PID=525) to work on /opt/airflow/dags/demo-dag.py
[2026-04-26T14:21:56.919+0000] {processor.py:830} INFO - Processing file /opt/airflow/dags/demo-dag.py for tasks to queue
[2026-04-26T14:21:56.920+0000] {logging_mixin.py:188} INFO - [2026-04-26T14:21:56.920+0000] {dagbag.py:538} INFO - Filling up the DagBag from /opt/airflow/dags/demo-dag.py
[2026-04-26T14:21:56.935+0000] {processor.py:840} INFO - DAG(s) 'demo_diplom_dag' retrieved from /opt/airflow/dags/demo-dag.py
[2026-04-26T14:21:56.955+0000] {logging_mixin.py:188} INFO - [2026-04-26T14:21:56.955+0000] {dag.py:3036} INFO - Sync 1 DAGs
[2026-04-26T14:21:56.970+0000] {logging_mixin.py:188} INFO - [2026-04-26T14:21:56.969+0000] {dag.py:3823} INFO - Setting next_dagrun for demo_diplom_dag to 2026-04-26 00:00:00+00:00, run_after=2026-05-03 00:00:00+00:00
[2026-04-26T14:21:56.983+0000] {processor.py:183} INFO - Processing /opt/airflow/dags/demo-dag.py took 0.067 seconds
[2026-04-26T14:22:27.049+0000] {processor.py:161} INFO - Started process (PID=530) to work on /opt/airflow/dags/demo-dag.py
[2026-04-26T14:22:27.050+0000] {processor.py:830} INFO - Processing file /opt/airflow/dags/demo-dag.py for tasks to queue
[2026-04-26T14:22:27.050+0000] {logging_mixin.py:188} INFO - [2026-04-26T14:22:27.050+0000] {dagbag.py:538} INFO - Filling up the DagBag from /opt/airflow/dags/demo-dag.py
[2026-04-26T14:22:27.070+0000] {processor.py:840} INFO - DAG(s) 'demo_diplom_dag' retrieved from /opt/airflow/dags/demo-dag.py
[2026-04-26T14:22:27.095+0000] {logging_mixin.py:188} INFO - [2026-04-26T14:22:27.095+0000] {dag.py:3036} INFO - Sync 1 DAGs
[2026-04-26T14:22:27.112+0000] {logging_mixin.py:188} INFO - [2026-04-26T14:22:27.112+0000] {dag.py:3823} INFO - Setting next_dagrun for demo_diplom_dag to 2026-04-26 00:00:00+00:00, run_after=2026-05-03 00:00:00+00:00
[2026-04-26T14:22:27.125+0000] {processor.py:183} INFO - Processing /opt/airflow/dags/demo-dag.py took 0.080 seconds
[2026-04-26T14:22:57.215+0000] {processor.py:161} INFO - Started process (PID=535) to work on /opt/airflow/dags/demo-dag.py
[2026-04-26T14:22:57.216+0000] {processor.py:830} INFO - Processing file /opt/airflow/dags/demo-dag.py for tasks to queue
[2026-04-26T14:22:57.217+0000] {logging_mixin.py:188} INFO - [2026-04-26T14:22:57.216+0000] {dagbag.py:538} INFO - Filling up the DagBag from /opt/airflow/dags/demo-dag.py
[2026-04-26T14:22:57.235+0000] {processor.py:840} INFO - DAG(s) 'demo_diplom_dag' retrieved from /opt/airflow/dags/demo-dag.py
[2026-04-26T14:22:57.257+0000] {logging_mixin.py:188} INFO - [2026-04-26T14:22:57.257+0000] {dag.py:3036} INFO - Sync 1 DAGs
[2026-04-26T14:22:57.274+0000] {logging_mixin.py:188} INFO - [2026-04-26T14:22:57.274+0000] {dag.py:3823} INFO - Setting next_dagrun for demo_diplom_dag to 2026-04-26 00:00:00+00:00, run_after=2026-05-03 00:00:00+00:00
[2026-04-26T14:22:57.286+0000] {processor.py:183} INFO - Processing /opt/airflow/dags/demo-dag.py took 0.074 seconds
[2026-04-26T14:23:27.356+0000] {processor.py:161} INFO - Started process (PID=540) to work on /opt/airflow/dags/demo-dag.py
[2026-04-26T14:23:27.357+0000] {processor.py:830} INFO - Processing file /opt/airflow/dags/demo-dag.py for tasks to queue
[2026-04-26T14:23:27.358+0000] {logging_mixin.py:188} INFO - [2026-04-26T14:23:27.358+0000] {dagbag.py:538} INFO - Filling up the DagBag from /opt/airflow/dags/demo-dag.py
[2026-04-26T14:23:27.377+0000] {processor.py:840} INFO - DAG(s) 'demo_diplom_dag' retrieved from /opt/airflow/dags/demo-dag.py
[2026-04-26T14:23:27.399+0000] {logging_mixin.py:188} INFO - [2026-04-26T14:23:27.399+0000] {dag.py:3036} INFO - Sync 1 DAGs
[2026-04-26T14:23:27.416+0000] {logging_mixin.py:188} INFO - [2026-04-26T14:23:27.416+0000] {dag.py:3823} INFO - Setting next_dagrun for demo_diplom_dag to 2026-04-26 00:00:00+00:00, run_after=2026-05-03 00:00:00+00:00
[2026-04-26T14:23:27.428+0000] {processor.py:183} INFO - Processing /opt/airflow/dags/demo-dag.py took 0.076 seconds
[2026-04-26T14:23:57.515+0000] {processor.py:161} INFO - Started process (PID=545) to work on /opt/airflow/dags/demo-dag.py
[2026-04-26T14:23:57.516+0000] {processor.py:830} INFO - Processing file /opt/airflow/dags/demo-dag.py for tasks to queue
[2026-04-26T14:23:57.517+0000] {logging_mixin.py:188} INFO - [2026-04-26T14:23:57.516+0000] {dagbag.py:538} INFO - Filling up the DagBag from /opt/airflow/dags/demo-dag.py
[2026-04-26T14:23:57.534+0000] {processor.py:840} INFO - DAG(s) 'demo_diplom_dag' retrieved from /opt/airflow/dags/demo-dag.py
[2026-04-26T14:23:57.555+0000] {logging_mixin.py:188} INFO - [2026-04-26T14:23:57.555+0000] {dag.py:3036} INFO - Sync 1 DAGs
[2026-04-26T14:23:57.571+0000] {logging_mixin.py:188} INFO - [2026-04-26T14:23:57.571+0000] {dag.py:3823} INFO - Setting next_dagrun for demo_diplom_dag to 2026-04-26 00:00:00+00:00, run_after=2026-05-03 00:00:00+00:00
[2026-04-26T14:23:57.584+0000] {processor.py:183} INFO - Processing /opt/airflow/dags/demo-dag.py took 0.071 seconds
[2026-04-26T14:24:27.669+0000] {processor.py:161} INFO - Started process (PID=550) to work on /opt/airflow/dags/demo-dag.py
[2026-04-26T14:24:27.670+0000] {processor.py:830} INFO - Processing file /opt/airflow/dags/demo-dag.py for tasks to queue
[2026-04-26T14:24:27.671+0000] {logging_mixin.py:188} INFO - [2026-04-26T14:24:27.670+0000] {dagbag.py:538} INFO - Filling up the DagBag from /opt/airflow/dags/demo-dag.py
[2026-04-26T14:24:27.689+0000] {processor.py:840} INFO - DAG(s) 'demo_diplom_dag' retrieved from /opt/airflow/dags/demo-dag.py
[2026-04-26T14:24:27.711+0000] {logging_mixin.py:188} INFO - [2026-04-26T14:24:27.711+0000] {dag.py:3036} INFO - Sync 1 DAGs
[2026-04-26T14:24:27.726+0000] {logging_mixin.py:188} INFO - [2026-04-26T14:24:27.726+0000] {dag.py:3823} INFO - Setting next_dagrun for demo_diplom_dag to 2026-04-26 00:00:00+00:00, run_after=2026-05-03 00:00:00+00:00
[2026-04-26T14:24:27.739+0000] {processor.py:183} INFO - Processing /opt/airflow/dags/demo-dag.py took 0.072 seconds
[2026-04-26T14:24:57.829+0000] {processor.py:161} INFO - Started process (PID=555) to work on /opt/airflow/dags/demo-dag.py
[2026-04-26T14:24:57.830+0000] {processor.py:830} INFO - Processing file /opt/airflow/dags/demo-dag.py for tasks to queue
[2026-04-26T14:24:57.830+0000] {logging_mixin.py:188} INFO - [2026-04-26T14:24:57.830+0000] {dagbag.py:538} INFO - Filling up the DagBag from /opt/airflow/dags/demo-dag.py
[2026-04-26T14:24:57.853+0000] {processor.py:840} INFO - DAG(s) 'demo_diplom_dag' retrieved from /opt/airflow/dags/demo-dag.py
[2026-04-26T14:24:57.877+0000] {logging_mixin.py:188} INFO - [2026-04-26T14:24:57.877+0000] {dag.py:3036} INFO - Sync 1 DAGs
[2026-04-26T14:24:57.896+0000] {logging_mixin.py:188} INFO - [2026-04-26T14:24:57.895+0000] {dag.py:3823} INFO - Setting next_dagrun for demo_diplom_dag to 2026-04-26 00:00:00+00:00, run_after=2026-05-03 00:00:00+00:00
[2026-04-26T14:24:57.910+0000] {processor.py:183} INFO - Processing /opt/airflow/dags/demo-dag.py took 0.086 seconds
[2026-04-26T14:25:27.959+0000] {processor.py:161} INFO - Started process (PID=560) to work on /opt/airflow/dags/demo-dag.py
[2026-04-26T14:25:27.960+0000] {processor.py:830} INFO - Processing file /opt/airflow/dags/demo-dag.py for tasks to queue
[2026-04-26T14:25:27.960+0000] {logging_mixin.py:188} INFO - [2026-04-26T14:25:27.960+0000] {dagbag.py:538} INFO - Filling up the DagBag from /opt/airflow/dags/demo-dag.py
[2026-04-26T14:25:27.975+0000] {processor.py:840} INFO - DAG(s) 'demo_diplom_dag' retrieved from /opt/airflow/dags/demo-dag.py
[2026-04-26T14:25:27.996+0000] {logging_mixin.py:188} INFO - [2026-04-26T14:25:27.996+0000] {dag.py:3036} INFO - Sync 1 DAGs
[2026-04-26T14:25:28.013+0000] {logging_mixin.py:188} INFO - [2026-04-26T14:25:28.013+0000] {dag.py:3823} INFO - Setting next_dagrun for demo_diplom_dag to 2026-04-26 00:00:00+00:00, run_after=2026-05-03 00:00:00+00:00
[2026-04-26T14:25:28.026+0000] {processor.py:183} INFO - Processing /opt/airflow/dags/demo-dag.py took 0.070 seconds
[2026-04-26T14:25:58.142+0000] {processor.py:161} INFO - Started process (PID=565) to work on /opt/airflow/dags/demo-dag.py
[2026-04-26T14:25:58.143+0000] {processor.py:830} INFO - Processing file /opt/airflow/dags/demo-dag.py for tasks to queue
[2026-04-26T14:25:58.144+0000] {logging_mixin.py:188} INFO - [2026-04-26T14:25:58.144+0000] {dagbag.py:538} INFO - Filling up the DagBag from /opt/airflow/dags/demo-dag.py
[2026-04-26T14:25:58.161+0000] {processor.py:840} INFO - DAG(s) 'demo_diplom_dag' retrieved from /opt/airflow/dags/demo-dag.py
[2026-04-26T14:25:58.183+0000] {logging_mixin.py:188} INFO - [2026-04-26T14:25:58.183+0000] {dag.py:3036} INFO - Sync 1 DAGs
[2026-04-26T14:25:58.200+0000] {logging_mixin.py:188} INFO - [2026-04-26T14:25:58.200+0000] {dag.py:3823} INFO - Setting next_dagrun for demo_diplom_dag to 2026-04-26 00:00:00+00:00, run_after=2026-05-03 00:00:00+00:00
[2026-04-26T14:25:58.212+0000] {processor.py:183} INFO - Processing /opt/airflow/dags/demo-dag.py took 0.072 seconds
[2026-04-26T14:26:28.265+0000] {processor.py:161} INFO - Started process (PID=570) to work on /opt/airflow/dags/demo-dag.py
[2026-04-26T14:26:28.265+0000] {processor.py:830} INFO - Processing file /opt/airflow/dags/demo-dag.py for tasks to queue
[2026-04-26T14:26:28.266+0000] {logging_mixin.py:188} INFO - [2026-04-26T14:26:28.266+0000] {dagbag.py:538} INFO - Filling up the DagBag from /opt/airflow/dags/demo-dag.py
[2026-04-26T14:26:28.283+0000] {processor.py:840} INFO - DAG(s) 'demo_diplom_dag' retrieved from /opt/airflow/dags/demo-dag.py
[2026-04-26T14:26:28.306+0000] {logging_mixin.py:188} INFO - [2026-04-26T14:26:28.306+0000] {dag.py:3036} INFO - Sync 1 DAGs
[2026-04-26T14:26:28.322+0000] {logging_mixin.py:188} INFO - [2026-04-26T14:26:28.322+0000] {dag.py:3823} INFO - Setting next_dagrun for demo_diplom_dag to 2026-04-26 00:00:00+00:00, run_after=2026-05-03 00:00:00+00:00
[2026-04-26T14:26:28.334+0000] {processor.py:183} INFO - Processing /opt/airflow/dags/demo-dag.py took 0.072 seconds
[2026-04-26T14:26:58.445+0000] {processor.py:161} INFO - Started process (PID=575) to work on /opt/airflow/dags/demo-dag.py
[2026-04-26T14:26:58.446+0000] {processor.py:830} INFO - Processing file /opt/airflow/dags/demo-dag.py for tasks to queue
[2026-04-26T14:26:58.446+0000] {logging_mixin.py:188} INFO - [2026-04-26T14:26:58.446+0000] {dagbag.py:538} INFO - Filling up the DagBag from /opt/airflow/dags/demo-dag.py
[2026-04-26T14:26:58.462+0000] {processor.py:840} INFO - DAG(s) 'demo_diplom_dag' retrieved from /opt/airflow/dags/demo-dag.py
[2026-04-26T14:26:58.481+0000] {logging_mixin.py:188} INFO - [2026-04-26T14:26:58.481+0000] {dag.py:3036} INFO - Sync 1 DAGs
[2026-04-26T14:26:58.497+0000] {logging_mixin.py:188} INFO - [2026-04-26T14:26:58.497+0000] {dag.py:3823} INFO - Setting next_dagrun for demo_diplom_dag to 2026-04-26 00:00:00+00:00, run_after=2026-05-03 00:00:00+00:00
[2026-04-26T14:26:58.510+0000] {processor.py:183} INFO - Processing /opt/airflow/dags/demo-dag.py took 0.067 seconds
[2026-04-26T14:27:28.572+0000] {processor.py:161} INFO - Started process (PID=580) to work on /opt/airflow/dags/demo-dag.py
[2026-04-26T14:27:28.572+0000] {processor.py:830} INFO - Processing file /opt/airflow/dags/demo-dag.py for tasks to queue
[2026-04-26T14:27:28.573+0000] {logging_mixin.py:188} INFO - [2026-04-26T14:27:28.573+0000] {dagbag.py:538} INFO - Filling up the DagBag from /opt/airflow/dags/demo-dag.py
[2026-04-26T14:27:28.588+0000] {processor.py:840} INFO - DAG(s) 'demo_diplom_dag' retrieved from /opt/airflow/dags/demo-dag.py
[2026-04-26T14:27:28.611+0000] {logging_mixin.py:188} INFO - [2026-04-26T14:27:28.611+0000] {dag.py:3036} INFO - Sync 1 DAGs
[2026-04-26T14:27:28.629+0000] {logging_mixin.py:188} INFO - [2026-04-26T14:27:28.628+0000] {dag.py:3823} INFO - Setting next_dagrun for demo_diplom_dag to 2026-04-26 00:00:00+00:00, run_after=2026-05-03 00:00:00+00:00
[2026-04-26T14:27:28.641+0000] {processor.py:183} INFO - Processing /opt/airflow/dags/demo-dag.py took 0.072 seconds
[2026-04-26T14:28:07.360+0000] {processor.py:161} INFO - Started process (PID=208) to work on /opt/airflow/dags/demo-dag.py
[2026-04-26T14:28:07.361+0000] {processor.py:830} INFO - Processing file /opt/airflow/dags/demo-dag.py for tasks to queue
[2026-04-26T14:28:07.362+0000] {logging_mixin.py:188} INFO - [2026-04-26T14:28:07.362+0000] {dagbag.py:538} INFO - Filling up the DagBag from /opt/airflow/dags/demo-dag.py
[2026-04-26T14:28:07.383+0000] {processor.py:840} INFO - DAG(s) 'demo_diplom_dag' retrieved from /opt/airflow/dags/demo-dag.py
[2026-04-26T14:28:07.412+0000] {logging_mixin.py:188} INFO - [2026-04-26T14:28:07.412+0000] {dag.py:3036} INFO - Sync 1 DAGs
[2026-04-26T14:28:07.432+0000] {logging_mixin.py:188} INFO - [2026-04-26T14:28:07.432+0000] {dag.py:3823} INFO - Setting next_dagrun for demo_diplom_dag to 2026-04-26 00:00:00+00:00, run_after=2026-05-03 00:00:00+00:00
[2026-04-26T14:28:07.448+0000] {processor.py:183} INFO - Processing /opt/airflow/dags/demo-dag.py took 0.090 seconds
[2026-04-26T14:28:37.512+0000] {processor.py:161} INFO - Started process (PID=230) to work on /opt/airflow/dags/demo-dag.py
[2026-04-26T14:28:37.512+0000] {processor.py:830} INFO - Processing file /opt/airflow/dags/demo-dag.py for tasks to queue
[2026-04-26T14:28:37.513+0000] {logging_mixin.py:188} INFO - [2026-04-26T14:28:37.513+0000] {dagbag.py:538} INFO - Filling up the DagBag from /opt/airflow/dags/demo-dag.py
[2026-04-26T14:28:37.532+0000] {processor.py:840} INFO - DAG(s) 'demo_diplom_dag' retrieved from /opt/airflow/dags/demo-dag.py
[2026-04-26T14:28:37.606+0000] {logging_mixin.py:188} INFO - [2026-04-26T14:28:37.606+0000] {dag.py:3036} INFO - Sync 1 DAGs
[2026-04-26T14:28:37.621+0000] {logging_mixin.py:188} INFO - [2026-04-26T14:28:37.620+0000] {dag.py:3823} INFO - Setting next_dagrun for demo_diplom_dag to 2026-04-26 00:00:00+00:00, run_after=2026-05-03 00:00:00+00:00
[2026-04-26T14:28:37.633+0000] {processor.py:183} INFO - Processing /opt/airflow/dags/demo-dag.py took 0.125 seconds
[2026-04-26T14:29:07.668+0000] {processor.py:161} INFO - Started process (PID=235) to work on /opt/airflow/dags/demo-dag.py
[2026-04-26T14:29:07.669+0000] {processor.py:830} INFO - Processing file /opt/airflow/dags/demo-dag.py for tasks to queue
[2026-04-26T14:29:07.669+0000] {logging_mixin.py:188} INFO - [2026-04-26T14:29:07.669+0000] {dagbag.py:538} INFO - Filling up the DagBag from /opt/airflow/dags/demo-dag.py
[2026-04-26T14:29:07.687+0000] {processor.py:840} INFO - DAG(s) 'demo_diplom_dag' retrieved from /opt/airflow/dags/demo-dag.py
[2026-04-26T14:29:07.711+0000] {logging_mixin.py:188} INFO - [2026-04-26T14:29:07.711+0000] {dag.py:3036} INFO - Sync 1 DAGs
[2026-04-26T14:29:07.728+0000] {logging_mixin.py:188} INFO - [2026-04-26T14:29:07.727+0000] {dag.py:3823} INFO - Setting next_dagrun for demo_diplom_dag to 2026-04-26 00:00:00+00:00, run_after=2026-05-03 00:00:00+00:00
[2026-04-26T14:29:07.740+0000] {processor.py:183} INFO - Processing /opt/airflow/dags/demo-dag.py took 0.074 seconds
[2026-04-26T14:29:37.852+0000] {processor.py:161} INFO - Started process (PID=240) to work on /opt/airflow/dags/demo-dag.py
[2026-04-26T14:29:37.853+0000] {processor.py:830} INFO - Processing file /opt/airflow/dags/demo-dag.py for tasks to queue
[2026-04-26T14:29:37.854+0000] {logging_mixin.py:188} INFO - [2026-04-26T14:29:37.854+0000] {dagbag.py:538} INFO - Filling up the DagBag from /opt/airflow/dags/demo-dag.py
[2026-04-26T14:29:37.871+0000] {processor.py:840} INFO - DAG(s) 'demo_diplom_dag' retrieved from /opt/airflow/dags/demo-dag.py
[2026-04-26T14:29:37.892+0000] {logging_mixin.py:188} INFO - [2026-04-26T14:29:37.892+0000] {dag.py:3036} INFO - Sync 1 DAGs
[2026-04-26T14:29:37.907+0000] {logging_mixin.py:188} INFO - [2026-04-26T14:29:37.907+0000] {dag.py:3823} INFO - Setting next_dagrun for demo_diplom_dag to 2026-04-26 00:00:00+00:00, run_after=2026-05-03 00:00:00+00:00
[2026-04-26T14:29:37.920+0000] {processor.py:183} INFO - Processing /opt/airflow/dags/demo-dag.py took 0.070 seconds
[2026-04-26T14:30:07.980+0000] {processor.py:161} INFO - Started process (PID=245) to work on /opt/airflow/dags/demo-dag.py
[2026-04-26T14:30:07.981+0000] {processor.py:830} INFO - Processing file /opt/airflow/dags/demo-dag.py for tasks to queue
[2026-04-26T14:30:07.982+0000] {logging_mixin.py:188} INFO - [2026-04-26T14:30:07.982+0000] {dagbag.py:538} INFO - Filling up the DagBag from /opt/airflow/dags/demo-dag.py
[2026-04-26T14:30:08.002+0000] {processor.py:840} INFO - DAG(s) 'demo_diplom_dag' retrieved from /opt/airflow/dags/demo-dag.py
[2026-04-26T14:30:08.028+0000] {logging_mixin.py:188} INFO - [2026-04-26T14:30:08.027+0000] {dag.py:3036} INFO - Sync 1 DAGs
[2026-04-26T14:30:08.049+0000] {logging_mixin.py:188} INFO - [2026-04-26T14:30:08.049+0000] {dag.py:3823} INFO - Setting next_dagrun for demo_diplom_dag to 2026-04-26 00:00:00+00:00, run_after=2026-05-03 00:00:00+00:00
[2026-04-26T14:30:08.066+0000] {processor.py:183} INFO - Processing /opt/airflow/dags/demo-dag.py took 0.089 seconds
[2026-04-26T14:30:38.152+0000] {processor.py:161} INFO - Started process (PID=250) to work on /opt/airflow/dags/demo-dag.py
[2026-04-26T14:30:38.153+0000] {processor.py:830} INFO - Processing file /opt/airflow/dags/demo-dag.py for tasks to queue
[2026-04-26T14:30:38.153+0000] {logging_mixin.py:188} INFO - [2026-04-26T14:30:38.153+0000] {dagbag.py:538} INFO - Filling up the DagBag from /opt/airflow/dags/demo-dag.py
[2026-04-26T14:30:38.172+0000] {processor.py:840} INFO - DAG(s) 'demo_diplom_dag' retrieved from /opt/airflow/dags/demo-dag.py
[2026-04-26T14:30:38.194+0000] {logging_mixin.py:188} INFO - [2026-04-26T14:30:38.194+0000] {dag.py:3036} INFO - Sync 1 DAGs
[2026-04-26T14:30:38.211+0000] {logging_mixin.py:188} INFO - [2026-04-26T14:30:38.211+0000] {dag.py:3823} INFO - Setting next_dagrun for demo_diplom_dag to 2026-04-26 00:00:00+00:00, run_after=2026-05-03 00:00:00+00:00
[2026-04-26T14:30:38.225+0000] {processor.py:183} INFO - Processing /opt/airflow/dags/demo-dag.py took 0.077 seconds
[2026-04-26T14:31:08.292+0000] {processor.py:161} INFO - Started process (PID=255) to work on /opt/airflow/dags/demo-dag.py
[2026-04-26T14:31:08.292+0000] {processor.py:830} INFO - Processing file /opt/airflow/dags/demo-dag.py for tasks to queue
[2026-04-26T14:31:08.293+0000] {logging_mixin.py:188} INFO - [2026-04-26T14:31:08.293+0000] {dagbag.py:538} INFO - Filling up the DagBag from /opt/airflow/dags/demo-dag.py
[2026-04-26T14:31:08.310+0000] {processor.py:840} INFO - DAG(s) 'demo_diplom_dag' retrieved from /opt/airflow/dags/demo-dag.py
[2026-04-26T14:31:08.333+0000] {logging_mixin.py:188} INFO - [2026-04-26T14:31:08.333+0000] {dag.py:3036} INFO - Sync 1 DAGs
[2026-04-26T14:31:08.350+0000] {logging_mixin.py:188} INFO - [2026-04-26T14:31:08.350+0000] {dag.py:3823} INFO - Setting next_dagrun for demo_diplom_dag to 2026-04-26 00:00:00+00:00, run_after=2026-05-03 00:00:00+00:00
[2026-04-26T14:31:08.362+0000] {processor.py:183} INFO - Processing /opt/airflow/dags/demo-dag.py took 0.072 seconds
[2026-04-26T14:31:38.449+0000] {processor.py:161} INFO - Started process (PID=260) to work on /opt/airflow/dags/demo-dag.py
[2026-04-26T14:31:38.450+0000] {processor.py:830} INFO - Processing file /opt/airflow/dags/demo-dag.py for tasks to queue
[2026-04-26T14:31:38.451+0000] {logging_mixin.py:188} INFO - [2026-04-26T14:31:38.450+0000] {dagbag.py:538} INFO - Filling up the DagBag from /opt/airflow/dags/demo-dag.py
[2026-04-26T14:31:38.468+0000] {processor.py:840} INFO - DAG(s) 'demo_diplom_dag' retrieved from /opt/airflow/dags/demo-dag.py
[2026-04-26T14:31:38.489+0000] {logging_mixin.py:188} INFO - [2026-04-26T14:31:38.489+0000] {dag.py:3036} INFO - Sync 1 DAGs
[2026-04-26T14:31:38.506+0000] {logging_mixin.py:188} INFO - [2026-04-26T14:31:38.505+0000] {dag.py:3823} INFO - Setting next_dagrun for demo_diplom_dag to 2026-04-26 00:00:00+00:00, run_after=2026-05-03 00:00:00+00:00
[2026-04-26T14:31:38.518+0000] {processor.py:183} INFO - Processing /opt/airflow/dags/demo-dag.py took 0.071 seconds
[2026-04-26T14:32:08.590+0000] {processor.py:161} INFO - Started process (PID=265) to work on /opt/airflow/dags/demo-dag.py
[2026-04-26T14:32:08.591+0000] {processor.py:830} INFO - Processing file /opt/airflow/dags/demo-dag.py for tasks to queue
[2026-04-26T14:32:08.591+0000] {logging_mixin.py:188} INFO - [2026-04-26T14:32:08.591+0000] {dagbag.py:538} INFO - Filling up the DagBag from /opt/airflow/dags/demo-dag.py
[2026-04-26T14:32:08.611+0000] {processor.py:840} INFO - DAG(s) 'demo_diplom_dag' retrieved from /opt/airflow/dags/demo-dag.py
[2026-04-26T14:32:08.634+0000] {logging_mixin.py:188} INFO - [2026-04-26T14:32:08.634+0000] {dag.py:3036} INFO - Sync 1 DAGs
[2026-04-26T14:32:08.651+0000] {logging_mixin.py:188} INFO - [2026-04-26T14:32:08.651+0000] {dag.py:3823} INFO - Setting next_dagrun for demo_diplom_dag to 2026-04-26 00:00:00+00:00, run_after=2026-05-03 00:00:00+00:00
[2026-04-26T14:32:08.663+0000] {processor.py:183} INFO - Processing /opt/airflow/dags/demo-dag.py took 0.076 seconds
[2026-04-26T14:32:38.742+0000] {processor.py:161} INFO - Started process (PID=270) to work on /opt/airflow/dags/demo-dag.py
[2026-04-26T14:32:38.743+0000] {processor.py:830} INFO - Processing file /opt/airflow/dags/demo-dag.py for tasks to queue
[2026-04-26T14:32:38.744+0000] {logging_mixin.py:188} INFO - [2026-04-26T14:32:38.743+0000] {dagbag.py:538} INFO - Filling up the DagBag from /opt/airflow/dags/demo-dag.py
[2026-04-26T14:32:38.763+0000] {processor.py:840} INFO - DAG(s) 'demo_diplom_dag' retrieved from /opt/airflow/dags/demo-dag.py
[2026-04-26T14:32:38.785+0000] {logging_mixin.py:188} INFO - [2026-04-26T14:32:38.785+0000] {dag.py:3036} INFO - Sync 1 DAGs
[2026-04-26T14:32:38.801+0000] {logging_mixin.py:188} INFO - [2026-04-26T14:32:38.801+0000] {dag.py:3823} INFO - Setting next_dagrun for demo_diplom_dag to 2026-04-26 00:00:00+00:00, run_after=2026-05-03 00:00:00+00:00
[2026-04-26T14:32:38.814+0000] {processor.py:183} INFO - Processing /opt/airflow/dags/demo-dag.py took 0.075 seconds
[2026-04-26T14:33:08.906+0000] {processor.py:161} INFO - Started process (PID=275) to work on /opt/airflow/dags/demo-dag.py
[2026-04-26T14:33:08.906+0000] {processor.py:830} INFO - Processing file /opt/airflow/dags/demo-dag.py for tasks to queue
[2026-04-26T14:33:08.907+0000] {logging_mixin.py:188} INFO - [2026-04-26T14:33:08.907+0000] {dagbag.py:538} INFO - Filling up the DagBag from /opt/airflow/dags/demo-dag.py
[2026-04-26T14:33:08.926+0000] {processor.py:840} INFO - DAG(s) 'demo_diplom_dag' retrieved from /opt/airflow/dags/demo-dag.py
[2026-04-26T14:33:08.948+0000] {logging_mixin.py:188} INFO - [2026-04-26T14:33:08.948+0000] {dag.py:3036} INFO - Sync 1 DAGs
[2026-04-26T14:33:08.964+0000] {logging_mixin.py:188} INFO - [2026-04-26T14:33:08.964+0000] {dag.py:3823} INFO - Setting next_dagrun for demo_diplom_dag to 2026-04-26 00:00:00+00:00, run_after=2026-05-03 00:00:00+00:00
[2026-04-26T14:33:08.978+0000] {processor.py:183} INFO - Processing /opt/airflow/dags/demo-dag.py took 0.075 seconds
[2026-04-26T14:33:39.043+0000] {processor.py:161} INFO - Started process (PID=280) to work on /opt/airflow/dags/demo-dag.py
[2026-04-26T14:33:39.044+0000] {processor.py:830} INFO - Processing file /opt/airflow/dags/demo-dag.py for tasks to queue
[2026-04-26T14:33:39.045+0000] {logging_mixin.py:188} INFO - [2026-04-26T14:33:39.045+0000] {dagbag.py:538} INFO - Filling up the DagBag from /opt/airflow/dags/demo-dag.py
[2026-04-26T14:33:39.063+0000] {processor.py:840} INFO - DAG(s) 'demo_diplom_dag' retrieved from /opt/airflow/dags/demo-dag.py
[2026-04-26T14:33:39.086+0000] {logging_mixin.py:188} INFO - [2026-04-26T14:33:39.086+0000] {dag.py:3036} INFO - Sync 1 DAGs
[2026-04-26T14:33:39.102+0000] {logging_mixin.py:188} INFO - [2026-04-26T14:33:39.102+0000] {dag.py:3823} INFO - Setting next_dagrun for demo_diplom_dag to 2026-04-26 00:00:00+00:00, run_after=2026-05-03 00:00:00+00:00
[2026-04-26T14:33:39.114+0000] {processor.py:183} INFO - Processing /opt/airflow/dags/demo-dag.py took 0.073 seconds
[2026-04-26T14:34:09.219+0000] {processor.py:161} INFO - Started process (PID=285) to work on /opt/airflow/dags/demo-dag.py
[2026-04-26T14:34:09.219+0000] {processor.py:830} INFO - Processing file /opt/airflow/dags/demo-dag.py for tasks to queue
[2026-04-26T14:34:09.220+0000] {logging_mixin.py:188} INFO - [2026-04-26T14:34:09.220+0000] {dagbag.py:538} INFO - Filling up the DagBag from /opt/airflow/dags/demo-dag.py
[2026-04-26T14:34:09.238+0000] {processor.py:840} INFO - DAG(s) 'demo_diplom_dag' retrieved from /opt/airflow/dags/demo-dag.py
[2026-04-26T14:34:09.259+0000] {logging_mixin.py:188} INFO - [2026-04-26T14:34:09.259+0000] {dag.py:3036} INFO - Sync 1 DAGs
[2026-04-26T14:34:09.275+0000] {logging_mixin.py:188} INFO - [2026-04-26T14:34:09.275+0000] {dag.py:3823} INFO - Setting next_dagrun for demo_diplom_dag to 2026-04-26 00:00:00+00:00, run_after=2026-05-03 00:00:00+00:00
[2026-04-26T14:34:09.287+0000] {processor.py:183} INFO - Processing /opt/airflow/dags/demo-dag.py took 0.070 seconds
[2026-04-26T14:34:39.349+0000] {processor.py:161} INFO - Started process (PID=290) to work on /opt/airflow/dags/demo-dag.py
[2026-04-26T14:34:39.349+0000] {processor.py:830} INFO - Processing file /opt/airflow/dags/demo-dag.py for tasks to queue
[2026-04-26T14:34:39.350+0000] {logging_mixin.py:188} INFO - [2026-04-26T14:34:39.350+0000] {dagbag.py:538} INFO - Filling up the DagBag from /opt/airflow/dags/demo-dag.py
[2026-04-26T14:34:39.365+0000] {processor.py:840} INFO - DAG(s) 'demo_diplom_dag' retrieved from /opt/airflow/dags/demo-dag.py
[2026-04-26T14:34:39.387+0000] {logging_mixin.py:188} INFO - [2026-04-26T14:34:39.387+0000] {dag.py:3036} INFO - Sync 1 DAGs
[2026-04-26T14:34:39.404+0000] {logging_mixin.py:188} INFO - [2026-04-26T14:34:39.404+0000] {dag.py:3823} INFO - Setting next_dagrun for demo_diplom_dag to 2026-04-26 00:00:00+00:00, run_after=2026-05-03 00:00:00+00:00
[2026-04-26T14:34:39.417+0000] {processor.py:183} INFO - Processing /opt/airflow/dags/demo-dag.py took 0.071 seconds
[2026-04-26T14:35:09.527+0000] {processor.py:161} INFO - Started process (PID=295) to work on /opt/airflow/dags/demo-dag.py
[2026-04-26T14:35:09.528+0000] {processor.py:830} INFO - Processing file /opt/airflow/dags/demo-dag.py for tasks to queue
[2026-04-26T14:35:09.529+0000] {logging_mixin.py:188} INFO - [2026-04-26T14:35:09.528+0000] {dagbag.py:538} INFO - Filling up the DagBag from /opt/airflow/dags/demo-dag.py
[2026-04-26T14:35:09.545+0000] {processor.py:840} INFO - DAG(s) 'demo_diplom_dag' retrieved from /opt/airflow/dags/demo-dag.py
[2026-04-26T14:35:09.567+0000] {logging_mixin.py:188} INFO - [2026-04-26T14:35:09.567+0000] {dag.py:3036} INFO - Sync 1 DAGs
[2026-04-26T14:35:09.584+0000] {logging_mixin.py:188} INFO - [2026-04-26T14:35:09.584+0000] {dag.py:3823} INFO - Setting next_dagrun for demo_diplom_dag to 2026-04-26 00:00:00+00:00, run_after=2026-05-03 00:00:00+00:00
[2026-04-26T14:35:09.596+0000] {processor.py:183} INFO - Processing /opt/airflow/dags/demo-dag.py took 0.071 seconds
[2026-04-26T14:35:39.662+0000] {processor.py:161} INFO - Started process (PID=300) to work on /opt/airflow/dags/demo-dag.py
[2026-04-26T14:35:39.662+0000] {processor.py:830} INFO - Processing file /opt/airflow/dags/demo-dag.py for tasks to queue
[2026-04-26T14:35:39.663+0000] {logging_mixin.py:188} INFO - [2026-04-26T14:35:39.663+0000] {dagbag.py:538} INFO - Filling up the DagBag from /opt/airflow/dags/demo-dag.py
[2026-04-26T14:35:39.679+0000] {processor.py:840} INFO - DAG(s) 'demo_diplom_dag' retrieved from /opt/airflow/dags/demo-dag.py
[2026-04-26T14:35:39.702+0000] {logging_mixin.py:188} INFO - [2026-04-26T14:35:39.701+0000] {dag.py:3036} INFO - Sync 1 DAGs
[2026-04-26T14:35:39.718+0000] {logging_mixin.py:188} INFO - [2026-04-26T14:35:39.718+0000] {dag.py:3823} INFO - Setting next_dagrun for demo_diplom_dag to 2026-04-26 00:00:00+00:00, run_after=2026-05-03 00:00:00+00:00
[2026-04-26T14:35:39.730+0000] {processor.py:183} INFO - Processing /opt/airflow/dags/demo-dag.py took 0.070 seconds
[2026-04-26T14:36:09.839+0000] {processor.py:161} INFO - Started process (PID=305) to work on /opt/airflow/dags/demo-dag.py
[2026-04-26T14:36:09.841+0000] {processor.py:830} INFO - Processing file /opt/airflow/dags/demo-dag.py for tasks to queue
[2026-04-26T14:36:09.842+0000] {logging_mixin.py:188} INFO - [2026-04-26T14:36:09.842+0000] {dagbag.py:538} INFO - Filling up the DagBag from /opt/airflow/dags/demo-dag.py
[2026-04-26T14:36:09.859+0000] {processor.py:840} INFO - DAG(s) 'demo_diplom_dag' retrieved from /opt/airflow/dags/demo-dag.py
[2026-04-26T14:36:09.881+0000] {logging_mixin.py:188} INFO - [2026-04-26T14:36:09.881+0000] {dag.py:3036} INFO - Sync 1 DAGs
[2026-04-26T14:36:09.897+0000] {logging_mixin.py:188} INFO - [2026-04-26T14:36:09.897+0000] {dag.py:3823} INFO - Setting next_dagrun for demo_diplom_dag to 2026-04-26 00:00:00+00:00, run_after=2026-05-03 00:00:00+00:00
[2026-04-26T14:36:09.909+0000] {processor.py:183} INFO - Processing /opt/airflow/dags/demo-dag.py took 0.072 seconds
[2026-04-26T14:36:39.985+0000] {processor.py:161} INFO - Started process (PID=310) to work on /opt/airflow/dags/demo-dag.py
[2026-04-26T14:36:39.985+0000] {processor.py:830} INFO - Processing file /opt/airflow/dags/demo-dag.py for tasks to queue
[2026-04-26T14:36:39.986+0000] {logging_mixin.py:188} INFO - [2026-04-26T14:36:39.986+0000] {dagbag.py:538} INFO - Filling up the DagBag from /opt/airflow/dags/demo-dag.py
[2026-04-26T14:36:40.003+0000] {processor.py:840} INFO - DAG(s) 'demo_diplom_dag' retrieved from /opt/airflow/dags/demo-dag.py
[2026-04-26T14:36:40.026+0000] {logging_mixin.py:188} INFO - [2026-04-26T14:36:40.025+0000] {dag.py:3036} INFO - Sync 1 DAGs
[2026-04-26T14:36:40.042+0000] {logging_mixin.py:188} INFO - [2026-04-26T14:36:40.041+0000] {dag.py:3823} INFO - Setting next_dagrun for demo_diplom_dag to 2026-04-26 00:00:00+00:00, run_after=2026-05-03 00:00:00+00:00
[2026-04-26T14:36:40.055+0000] {processor.py:183} INFO - Processing /opt/airflow/dags/demo-dag.py took 0.072 seconds
[2026-04-26T14:37:10.157+0000] {processor.py:161} INFO - Started process (PID=315) to work on /opt/airflow/dags/demo-dag.py
[2026-04-26T14:37:10.157+0000] {processor.py:830} INFO - Processing file /opt/airflow/dags/demo-dag.py for tasks to queue
[2026-04-26T14:37:10.158+0000] {logging_mixin.py:188} INFO - [2026-04-26T14:37:10.158+0000] {dagbag.py:538} INFO - Filling up the DagBag from /opt/airflow/dags/demo-dag.py
[2026-04-26T14:37:10.173+0000] {processor.py:840} INFO - DAG(s) 'demo_diplom_dag' retrieved from /opt/airflow/dags/demo-dag.py
[2026-04-26T14:37:10.194+0000] {logging_mixin.py:188} INFO - [2026-04-26T14:37:10.194+0000] {dag.py:3036} INFO - Sync 1 DAGs
[2026-04-26T14:37:10.211+0000] {logging_mixin.py:188} INFO - [2026-04-26T14:37:10.211+0000] {dag.py:3823} INFO - Setting next_dagrun for demo_diplom_dag to 2026-04-26 00:00:00+00:00, run_after=2026-05-03 00:00:00+00:00
[2026-04-26T14:37:10.224+0000] {processor.py:183} INFO - Processing /opt/airflow/dags/demo-dag.py took 0.069 seconds
[2026-04-26T14:37:40.290+0000] {processor.py:161} INFO - Started process (PID=320) to work on /opt/airflow/dags/demo-dag.py
[2026-04-26T14:37:40.291+0000] {processor.py:830} INFO - Processing file /opt/airflow/dags/demo-dag.py for tasks to queue
[2026-04-26T14:37:40.292+0000] {logging_mixin.py:188} INFO - [2026-04-26T14:37:40.291+0000] {dagbag.py:538} INFO - Filling up the DagBag from /opt/airflow/dags/demo-dag.py
[2026-04-26T14:37:40.308+0000] {processor.py:840} INFO - DAG(s) 'demo_diplom_dag' retrieved from /opt/airflow/dags/demo-dag.py
[2026-04-26T14:37:40.332+0000] {logging_mixin.py:188} INFO - [2026-04-26T14:37:40.332+0000] {dag.py:3036} INFO - Sync 1 DAGs
[2026-04-26T14:37:40.348+0000] {logging_mixin.py:188} INFO - [2026-04-26T14:37:40.348+0000] {dag.py:3823} INFO - Setting next_dagrun for demo_diplom_dag to 2026-04-26 00:00:00+00:00, run_after=2026-05-03 00:00:00+00:00
[2026-04-26T14:37:40.362+0000] {processor.py:183} INFO - Processing /opt/airflow/dags/demo-dag.py took 0.074 seconds
[2026-04-26T14:38:10.498+0000] {processor.py:161} INFO - Started process (PID=325) to work on /opt/airflow/dags/demo-dag.py
[2026-04-26T14:38:10.499+0000] {processor.py:830} INFO - Processing file /opt/airflow/dags/demo-dag.py for tasks to queue
[2026-04-26T14:38:10.500+0000] {logging_mixin.py:188} INFO - [2026-04-26T14:38:10.499+0000] {dagbag.py:538} INFO - Filling up the DagBag from /opt/airflow/dags/demo-dag.py
[2026-04-26T14:38:10.517+0000] {processor.py:840} INFO - DAG(s) 'demo_diplom_dag' retrieved from /opt/airflow/dags/demo-dag.py
[2026-04-26T14:38:10.542+0000] {logging_mixin.py:188} INFO - [2026-04-26T14:38:10.542+0000] {dag.py:3036} INFO - Sync 1 DAGs
[2026-04-26T14:38:10.559+0000] {logging_mixin.py:188} INFO - [2026-04-26T14:38:10.559+0000] {dag.py:3823} INFO - Setting next_dagrun for demo_diplom_dag to 2026-04-26 00:00:00+00:00, run_after=2026-05-03 00:00:00+00:00
[2026-04-26T14:38:10.571+0000] {processor.py:183} INFO - Processing /opt/airflow/dags/demo-dag.py took 0.075 seconds
[2026-04-26T14:38:40.629+0000] {processor.py:161} INFO - Started process (PID=330) to work on /opt/airflow/dags/demo-dag.py
[2026-04-26T14:38:40.629+0000] {processor.py:830} INFO - Processing file /opt/airflow/dags/demo-dag.py for tasks to queue
[2026-04-26T14:38:40.630+0000] {logging_mixin.py:188} INFO - [2026-04-26T14:38:40.630+0000] {dagbag.py:538} INFO - Filling up the DagBag from /opt/airflow/dags/demo-dag.py
[2026-04-26T14:38:40.650+0000] {processor.py:840} INFO - DAG(s) 'demo_diplom_dag' retrieved from /opt/airflow/dags/demo-dag.py
[2026-04-26T14:38:40.674+0000] {logging_mixin.py:188} INFO - [2026-04-26T14:38:40.674+0000] {dag.py:3036} INFO - Sync 1 DAGs
[2026-04-26T14:38:40.691+0000] {logging_mixin.py:188} INFO - [2026-04-26T14:38:40.690+0000] {dag.py:3823} INFO - Setting next_dagrun for demo_diplom_dag to 2026-04-26 00:00:00+00:00, run_after=2026-05-03 00:00:00+00:00
[2026-04-26T14:38:40.703+0000] {processor.py:183} INFO - Processing /opt/airflow/dags/demo-dag.py took 0.078 seconds
[2026-04-26T14:39:10.818+0000] {processor.py:161} INFO - Started process (PID=335) to work on /opt/airflow/dags/demo-dag.py
[2026-04-26T14:39:10.818+0000] {processor.py:830} INFO - Processing file /opt/airflow/dags/demo-dag.py for tasks to queue
[2026-04-26T14:39:10.819+0000] {logging_mixin.py:188} INFO - [2026-04-26T14:39:10.819+0000] {dagbag.py:538} INFO - Filling up the DagBag from /opt/airflow/dags/demo-dag.py
[2026-04-26T14:39:10.835+0000] {processor.py:840} INFO - DAG(s) 'demo_diplom_dag' retrieved from /opt/airflow/dags/demo-dag.py
[2026-04-26T14:39:10.858+0000] {logging_mixin.py:188} INFO - [2026-04-26T14:39:10.857+0000] {dag.py:3036} INFO - Sync 1 DAGs
[2026-04-26T14:39:10.874+0000] {logging_mixin.py:188} INFO - [2026-04-26T14:39:10.874+0000] {dag.py:3823} INFO - Setting next_dagrun for demo_diplom_dag to 2026-04-26 00:00:00+00:00, run_after=2026-05-03 00:00:00+00:00
[2026-04-26T14:39:10.886+0000] {processor.py:183} INFO - Processing /opt/airflow/dags/demo-dag.py took 0.071 seconds
[2026-04-26T14:39:40.955+0000] {processor.py:161} INFO - Started process (PID=340) to work on /opt/airflow/dags/demo-dag.py
[2026-04-26T14:39:40.955+0000] {processor.py:830} INFO - Processing file /opt/airflow/dags/demo-dag.py for tasks to queue
[2026-04-26T14:39:40.956+0000] {logging_mixin.py:188} INFO - [2026-04-26T14:39:40.956+0000] {dagbag.py:538} INFO - Filling up the DagBag from /opt/airflow/dags/demo-dag.py
[2026-04-26T14:39:40.972+0000] {processor.py:840} INFO - DAG(s) 'demo_diplom_dag' retrieved from /opt/airflow/dags/demo-dag.py
[2026-04-26T14:39:40.994+0000] {logging_mixin.py:188} INFO - [2026-04-26T14:39:40.994+0000] {dag.py:3036} INFO - Sync 1 DAGs
[2026-04-26T14:39:41.010+0000] {logging_mixin.py:188} INFO - [2026-04-26T14:39:41.010+0000] {dag.py:3823} INFO - Setting next_dagrun for demo_diplom_dag to 2026-04-26 00:00:00+00:00, run_after=2026-05-03 00:00:00+00:00
[2026-04-26T14:39:41.022+0000] {processor.py:183} INFO - Processing /opt/airflow/dags/demo-dag.py took 0.070 seconds
[2026-04-26T14:40:11.120+0000] {processor.py:161} INFO - Started process (PID=345) to work on /opt/airflow/dags/demo-dag.py
[2026-04-26T14:40:11.121+0000] {processor.py:830} INFO - Processing file /opt/airflow/dags/demo-dag.py for tasks to queue
[2026-04-26T14:40:11.122+0000] {logging_mixin.py:188} INFO - [2026-04-26T14:40:11.122+0000] {dagbag.py:538} INFO - Filling up the DagBag from /opt/airflow/dags/demo-dag.py
[2026-04-26T14:40:11.141+0000] {processor.py:840} INFO - DAG(s) 'demo_diplom_dag' retrieved from /opt/airflow/dags/demo-dag.py
[2026-04-26T14:40:11.162+0000] {logging_mixin.py:188} INFO - [2026-04-26T14:40:11.162+0000] {dag.py:3036} INFO - Sync 1 DAGs
[2026-04-26T14:40:11.176+0000] {logging_mixin.py:188} INFO - [2026-04-26T14:40:11.176+0000] {dag.py:3823} INFO - Setting next_dagrun for demo_diplom_dag to 2026-04-26 00:00:00+00:00, run_after=2026-05-03 00:00:00+00:00
[2026-04-26T14:40:11.186+0000] {processor.py:183} INFO - Processing /opt/airflow/dags/demo-dag.py took 0.068 seconds
[2026-04-26T14:40:41.254+0000] {processor.py:161} INFO - Started process (PID=350) to work on /opt/airflow/dags/demo-dag.py
[2026-04-26T14:40:41.255+0000] {processor.py:830} INFO - Processing file /opt/airflow/dags/demo-dag.py for tasks to queue
[2026-04-26T14:40:41.256+0000] {logging_mixin.py:188} INFO - [2026-04-26T14:40:41.256+0000] {dagbag.py:538} INFO - Filling up the DagBag from /opt/airflow/dags/demo-dag.py
[2026-04-26T14:40:41.272+0000] {processor.py:840} INFO - DAG(s) 'demo_diplom_dag' retrieved from /opt/airflow/dags/demo-dag.py
[2026-04-26T14:40:41.293+0000] {logging_mixin.py:188} INFO - [2026-04-26T14:40:41.293+0000] {dag.py:3036} INFO - Sync 1 DAGs
[2026-04-26T14:40:41.307+0000] {logging_mixin.py:188} INFO - [2026-04-26T14:40:41.307+0000] {dag.py:3823} INFO - Setting next_dagrun for demo_diplom_dag to 2026-04-26 00:00:00+00:00, run_after=2026-05-03 00:00:00+00:00
[2026-04-26T14:40:41.319+0000] {processor.py:183} INFO - Processing /opt/airflow/dags/demo-dag.py took 0.067 seconds
[2026-04-26T14:41:11.432+0000] {processor.py:161} INFO - Started process (PID=355) to work on /opt/airflow/dags/demo-dag.py
[2026-04-26T14:41:11.432+0000] {processor.py:830} INFO - Processing file /opt/airflow/dags/demo-dag.py for tasks to queue
[2026-04-26T14:41:11.433+0000] {logging_mixin.py:188} INFO - [2026-04-26T14:41:11.433+0000] {dagbag.py:538} INFO - Filling up the DagBag from /opt/airflow/dags/demo-dag.py
[2026-04-26T14:41:11.448+0000] {processor.py:840} INFO - DAG(s) 'demo_diplom_dag' retrieved from /opt/airflow/dags/demo-dag.py
[2026-04-26T14:41:11.467+0000] {logging_mixin.py:188} INFO - [2026-04-26T14:41:11.466+0000] {dag.py:3036} INFO - Sync 1 DAGs
[2026-04-26T14:41:11.480+0000] {logging_mixin.py:188} INFO - [2026-04-26T14:41:11.480+0000] {dag.py:3823} INFO - Setting next_dagrun for demo_diplom_dag to 2026-04-26 00:00:00+00:00, run_after=2026-05-03 00:00:00+00:00
[2026-04-26T14:41:11.492+0000] {processor.py:183} INFO - Processing /opt/airflow/dags/demo-dag.py took 0.062 seconds
[2026-04-26T14:41:41.568+0000] {processor.py:161} INFO - Started process (PID=360) to work on /opt/airflow/dags/demo-dag.py
[2026-04-26T14:41:41.568+0000] {processor.py:830} INFO - Processing file /opt/airflow/dags/demo-dag.py for tasks to queue
[2026-04-26T14:41:41.569+0000] {logging_mixin.py:188} INFO - [2026-04-26T14:41:41.569+0000] {dagbag.py:538} INFO - Filling up the DagBag from /opt/airflow/dags/demo-dag.py
[2026-04-26T14:41:41.585+0000] {processor.py:840} INFO - DAG(s) 'demo_diplom_dag' retrieved from /opt/airflow/dags/demo-dag.py
[2026-04-26T14:41:41.604+0000] {logging_mixin.py:188} INFO - [2026-04-26T14:41:41.604+0000] {dag.py:3036} INFO - Sync 1 DAGs
[2026-04-26T14:41:41.617+0000] {logging_mixin.py:188} INFO - [2026-04-26T14:41:41.617+0000] {dag.py:3823} INFO - Setting next_dagrun for demo_diplom_dag to 2026-04-26 00:00:00+00:00, run_after=2026-05-03 00:00:00+00:00
[2026-04-26T14:41:41.630+0000] {processor.py:183} INFO - Processing /opt/airflow/dags/demo-dag.py took 0.065 seconds
[2026-04-26T14:42:11.734+0000] {processor.py:161} INFO - Started process (PID=365) to work on /opt/airflow/dags/demo-dag.py
[2026-04-26T14:42:11.734+0000] {processor.py:830} INFO - Processing file /opt/airflow/dags/demo-dag.py for tasks to queue
[2026-04-26T14:42:11.735+0000] {logging_mixin.py:188} INFO - [2026-04-26T14:42:11.735+0000] {dagbag.py:538} INFO - Filling up the DagBag from /opt/airflow/dags/demo-dag.py
[2026-04-26T14:42:11.750+0000] {processor.py:840} INFO - DAG(s) 'demo_diplom_dag' retrieved from /opt/airflow/dags/demo-dag.py
[2026-04-26T14:42:11.768+0000] {logging_mixin.py:188} INFO - [2026-04-26T14:42:11.768+0000] {dag.py:3036} INFO - Sync 1 DAGs
[2026-04-26T14:42:11.781+0000] {logging_mixin.py:188} INFO - [2026-04-26T14:42:11.781+0000] {dag.py:3823} INFO - Setting next_dagrun for demo_diplom_dag to 2026-04-26 00:00:00+00:00, run_after=2026-05-03 00:00:00+00:00
[2026-04-26T14:42:11.793+0000] {processor.py:183} INFO - Processing /opt/airflow/dags/demo-dag.py took 0.061 seconds
[2026-04-26T14:42:41.869+0000] {processor.py:161} INFO - Started process (PID=370) to work on /opt/airflow/dags/demo-dag.py
[2026-04-26T14:42:41.869+0000] {processor.py:830} INFO - Processing file /opt/airflow/dags/demo-dag.py for tasks to queue
[2026-04-26T14:42:41.870+0000] {logging_mixin.py:188} INFO - [2026-04-26T14:42:41.870+0000] {dagbag.py:538} INFO - Filling up the DagBag from /opt/airflow/dags/demo-dag.py
[2026-04-26T14:42:41.885+0000] {processor.py:840} INFO - DAG(s) 'demo_diplom_dag' retrieved from /opt/airflow/dags/demo-dag.py
[2026-04-26T14:42:41.904+0000] {logging_mixin.py:188} INFO - [2026-04-26T14:42:41.904+0000] {dag.py:3036} INFO - Sync 1 DAGs
[2026-04-26T14:42:41.917+0000] {logging_mixin.py:188} INFO - [2026-04-26T14:42:41.917+0000] {dag.py:3823} INFO - Setting next_dagrun for demo_diplom_dag to 2026-04-26 00:00:00+00:00, run_after=2026-05-03 00:00:00+00:00
[2026-04-26T14:42:41.928+0000] {processor.py:183} INFO - Processing /opt/airflow/dags/demo-dag.py took 0.062 seconds
[2026-04-26T14:43:12.043+0000] {processor.py:161} INFO - Started process (PID=375) to work on /opt/airflow/dags/demo-dag.py
[2026-04-26T14:43:12.044+0000] {processor.py:830} INFO - Processing file /opt/airflow/dags/demo-dag.py for tasks to queue
[2026-04-26T14:43:12.044+0000] {logging_mixin.py:188} INFO - [2026-04-26T14:43:12.044+0000] {dagbag.py:538} INFO - Filling up the DagBag from /opt/airflow/dags/demo-dag.py
[2026-04-26T14:43:12.060+0000] {processor.py:840} INFO - DAG(s) 'demo_diplom_dag' retrieved from /opt/airflow/dags/demo-dag.py
[2026-04-26T14:43:12.078+0000] {logging_mixin.py:188} INFO - [2026-04-26T14:43:12.078+0000] {dag.py:3036} INFO - Sync 1 DAGs
[2026-04-26T14:43:12.091+0000] {logging_mixin.py:188} INFO - [2026-04-26T14:43:12.091+0000] {dag.py:3823} INFO - Setting next_dagrun for demo_diplom_dag to 2026-04-26 00:00:00+00:00, run_after=2026-05-03 00:00:00+00:00
[2026-04-26T14:43:12.103+0000] {processor.py:183} INFO - Processing /opt/airflow/dags/demo-dag.py took 0.062 seconds
[2026-04-26T14:43:42.173+0000] {processor.py:161} INFO - Started process (PID=380) to work on /opt/airflow/dags/demo-dag.py
[2026-04-26T14:43:42.174+0000] {processor.py:830} INFO - Processing file /opt/airflow/dags/demo-dag.py for tasks to queue
[2026-04-26T14:43:42.175+0000] {logging_mixin.py:188} INFO - [2026-04-26T14:43:42.174+0000] {dagbag.py:538} INFO - Filling up the DagBag from /opt/airflow/dags/demo-dag.py
[2026-04-26T14:43:42.190+0000] {processor.py:840} INFO - DAG(s) 'demo_diplom_dag' retrieved from /opt/airflow/dags/demo-dag.py
[2026-04-26T14:43:42.210+0000] {logging_mixin.py:188} INFO - [2026-04-26T14:43:42.210+0000] {dag.py:3036} INFO - Sync 1 DAGs
[2026-04-26T14:43:42.224+0000] {logging_mixin.py:188} INFO - [2026-04-26T14:43:42.224+0000] {dag.py:3823} INFO - Setting next_dagrun for demo_diplom_dag to 2026-04-26 00:00:00+00:00, run_after=2026-05-03 00:00:00+00:00
[2026-04-26T14:43:42.235+0000] {processor.py:183} INFO - Processing /opt/airflow/dags/demo-dag.py took 0.064 seconds
[2026-04-26T14:44:12.333+0000] {processor.py:161} INFO - Started process (PID=385) to work on /opt/airflow/dags/demo-dag.py
[2026-04-26T14:44:12.334+0000] {processor.py:830} INFO - Processing file /opt/airflow/dags/demo-dag.py for tasks to queue
[2026-04-26T14:44:12.335+0000] {logging_mixin.py:188} INFO - [2026-04-26T14:44:12.334+0000] {dagbag.py:538} INFO - Filling up the DagBag from /opt/airflow/dags/demo-dag.py
[2026-04-26T14:44:12.350+0000] {processor.py:840} INFO - DAG(s) 'demo_diplom_dag' retrieved from /opt/airflow/dags/demo-dag.py
[2026-04-26T14:44:12.368+0000] {logging_mixin.py:188} INFO - [2026-04-26T14:44:12.368+0000] {dag.py:3036} INFO - Sync 1 DAGs
[2026-04-26T14:44:12.382+0000] {logging_mixin.py:188} INFO - [2026-04-26T14:44:12.381+0000] {dag.py:3823} INFO - Setting next_dagrun for demo_diplom_dag to 2026-04-26 00:00:00+00:00, run_after=2026-05-03 00:00:00+00:00
[2026-04-26T14:44:12.393+0000] {processor.py:183} INFO - Processing /opt/airflow/dags/demo-dag.py took 0.062 seconds
[2026-04-26T14:44:42.463+0000] {processor.py:161} INFO - Started process (PID=390) to work on /opt/airflow/dags/demo-dag.py
[2026-04-26T14:44:42.464+0000] {processor.py:830} INFO - Processing file /opt/airflow/dags/demo-dag.py for tasks to queue
[2026-04-26T14:44:42.464+0000] {logging_mixin.py:188} INFO - [2026-04-26T14:44:42.464+0000] {dagbag.py:538} INFO - Filling up the DagBag from /opt/airflow/dags/demo-dag.py
[2026-04-26T14:44:42.481+0000] {processor.py:840} INFO - DAG(s) 'demo_diplom_dag' retrieved from /opt/airflow/dags/demo-dag.py
[2026-04-26T14:44:42.501+0000] {logging_mixin.py:188} INFO - [2026-04-26T14:44:42.501+0000] {dag.py:3036} INFO - Sync 1 DAGs
[2026-04-26T14:44:42.514+0000] {logging_mixin.py:188} INFO - [2026-04-26T14:44:42.514+0000] {dag.py:3823} INFO - Setting next_dagrun for demo_diplom_dag to 2026-04-26 00:00:00+00:00, run_after=2026-05-03 00:00:00+00:00
[2026-04-26T14:44:42.526+0000] {processor.py:183} INFO - Processing /opt/airflow/dags/demo-dag.py took 0.065 seconds
[2026-04-26T14:45:12.624+0000] {processor.py:161} INFO - Started process (PID=395) to work on /opt/airflow/dags/demo-dag.py
[2026-04-26T14:45:12.624+0000] {processor.py:830} INFO - Processing file /opt/airflow/dags/demo-dag.py for tasks to queue
[2026-04-26T14:45:12.625+0000] {logging_mixin.py:188} INFO - [2026-04-26T14:45:12.625+0000] {dagbag.py:538} INFO - Filling up the DagBag from /opt/airflow/dags/demo-dag.py
[2026-04-26T14:45:12.641+0000] {processor.py:840} INFO - DAG(s) 'demo_diplom_dag' retrieved from /opt/airflow/dags/demo-dag.py
[2026-04-26T14:45:12.659+0000] {logging_mixin.py:188} INFO - [2026-04-26T14:45:12.659+0000] {dag.py:3036} INFO - Sync 1 DAGs
[2026-04-26T14:45:12.673+0000] {logging_mixin.py:188} INFO - [2026-04-26T14:45:12.673+0000] {dag.py:3823} INFO - Setting next_dagrun for demo_diplom_dag to 2026-04-26 00:00:00+00:00, run_after=2026-05-03 00:00:00+00:00
[2026-04-26T14:45:12.685+0000] {processor.py:183} INFO - Processing /opt/airflow/dags/demo-dag.py took 0.063 seconds
[2026-04-26T14:45:42.753+0000] {processor.py:161} INFO - Started process (PID=400) to work on /opt/airflow/dags/demo-dag.py
[2026-04-26T14:45:42.754+0000] {processor.py:830} INFO - Processing file /opt/airflow/dags/demo-dag.py for tasks to queue
[2026-04-26T14:45:42.755+0000] {logging_mixin.py:188} INFO - [2026-04-26T14:45:42.754+0000] {dagbag.py:538} INFO - Filling up the DagBag from /opt/airflow/dags/demo-dag.py
[2026-04-26T14:45:42.770+0000] {processor.py:840} INFO - DAG(s) 'demo_diplom_dag' retrieved from /opt/airflow/dags/demo-dag.py
[2026-04-26T14:45:42.790+0000] {logging_mixin.py:188} INFO - [2026-04-26T14:45:42.790+0000] {dag.py:3036} INFO - Sync 1 DAGs
[2026-04-26T14:45:42.804+0000] {logging_mixin.py:188} INFO - [2026-04-26T14:45:42.804+0000] {dag.py:3823} INFO - Setting next_dagrun for demo_diplom_dag to 2026-04-26 00:00:00+00:00, run_after=2026-05-03 00:00:00+00:00
[2026-04-26T14:45:42.817+0000] {processor.py:183} INFO - Processing /opt/airflow/dags/demo-dag.py took 0.067 seconds
[2026-04-26T14:46:12.918+0000] {processor.py:161} INFO - Started process (PID=405) to work on /opt/airflow/dags/demo-dag.py
[2026-04-26T14:46:12.919+0000] {processor.py:830} INFO - Processing file /opt/airflow/dags/demo-dag.py for tasks to queue
[2026-04-26T14:46:12.919+0000] {logging_mixin.py:188} INFO - [2026-04-26T14:46:12.919+0000] {dagbag.py:538} INFO - Filling up the DagBag from /opt/airflow/dags/demo-dag.py
[2026-04-26T14:46:12.935+0000] {processor.py:840} INFO - DAG(s) 'demo_diplom_dag' retrieved from /opt/airflow/dags/demo-dag.py
[2026-04-26T14:46:12.955+0000] {logging_mixin.py:188} INFO - [2026-04-26T14:46:12.955+0000] {dag.py:3036} INFO - Sync 1 DAGs
[2026-04-26T14:46:12.969+0000] {logging_mixin.py:188} INFO - [2026-04-26T14:46:12.969+0000] {dag.py:3823} INFO - Setting next_dagrun for demo_diplom_dag to 2026-04-26 00:00:00+00:00, run_after=2026-05-03 00:00:00+00:00
[2026-04-26T14:46:12.983+0000] {processor.py:183} INFO - Processing /opt/airflow/dags/demo-dag.py took 0.068 seconds
[2026-04-26T14:46:43.048+0000] {processor.py:161} INFO - Started process (PID=410) to work on /opt/airflow/dags/demo-dag.py
[2026-04-26T14:46:43.049+0000] {processor.py:830} INFO - Processing file /opt/airflow/dags/demo-dag.py for tasks to queue
[2026-04-26T14:46:43.049+0000] {logging_mixin.py:188} INFO - [2026-04-26T14:46:43.049+0000] {dagbag.py:538} INFO - Filling up the DagBag from /opt/airflow/dags/demo-dag.py
[2026-04-26T14:46:43.065+0000] {processor.py:840} INFO - DAG(s) 'demo_diplom_dag' retrieved from /opt/airflow/dags/demo-dag.py
[2026-04-26T14:46:43.084+0000] {logging_mixin.py:188} INFO - [2026-04-26T14:46:43.084+0000] {dag.py:3036} INFO - Sync 1 DAGs
[2026-04-26T14:46:43.098+0000] {logging_mixin.py:188} INFO - [2026-04-26T14:46:43.098+0000] {dag.py:3823} INFO - Setting next_dagrun for demo_diplom_dag to 2026-04-26 00:00:00+00:00, run_after=2026-05-03 00:00:00+00:00
[2026-04-26T14:46:43.109+0000] {processor.py:183} INFO - Processing /opt/airflow/dags/demo-dag.py took 0.063 seconds
[2026-04-26T14:47:13.204+0000] {processor.py:161} INFO - Started process (PID=415) to work on /opt/airflow/dags/demo-dag.py
[2026-04-26T14:47:13.205+0000] {processor.py:830} INFO - Processing file /opt/airflow/dags/demo-dag.py for tasks to queue
[2026-04-26T14:47:13.205+0000] {logging_mixin.py:188} INFO - [2026-04-26T14:47:13.205+0000] {dagbag.py:538} INFO - Filling up the DagBag from /opt/airflow/dags/demo-dag.py
[2026-04-26T14:47:13.222+0000] {processor.py:840} INFO - DAG(s) 'demo_diplom_dag' retrieved from /opt/airflow/dags/demo-dag.py
[2026-04-26T14:47:13.241+0000] {logging_mixin.py:188} INFO - [2026-04-26T14:47:13.241+0000] {dag.py:3036} INFO - Sync 1 DAGs
[2026-04-26T14:47:13.255+0000] {logging_mixin.py:188} INFO - [2026-04-26T14:47:13.255+0000] {dag.py:3823} INFO - Setting next_dagrun for demo_diplom_dag to 2026-04-26 00:00:00+00:00, run_after=2026-05-03 00:00:00+00:00
[2026-04-26T14:47:13.267+0000] {processor.py:183} INFO - Processing /opt/airflow/dags/demo-dag.py took 0.065 seconds
[2026-04-26T14:47:43.331+0000] {processor.py:161} INFO - Started process (PID=420) to work on /opt/airflow/dags/demo-dag.py
[2026-04-26T14:47:43.332+0000] {processor.py:830} INFO - Processing file /opt/airflow/dags/demo-dag.py for tasks to queue
[2026-04-26T14:47:43.333+0000] {logging_mixin.py:188} INFO - [2026-04-26T14:47:43.332+0000] {dagbag.py:538} INFO - Filling up the DagBag from /opt/airflow/dags/demo-dag.py
[2026-04-26T14:47:43.348+0000] {processor.py:840} INFO - DAG(s) 'demo_diplom_dag' retrieved from /opt/airflow/dags/demo-dag.py
[2026-04-26T14:47:43.367+0000] {logging_mixin.py:188} INFO - [2026-04-26T14:47:43.367+0000] {dag.py:3036} INFO - Sync 1 DAGs
[2026-04-26T14:47:43.383+0000] {logging_mixin.py:188} INFO - [2026-04-26T14:47:43.382+0000] {dag.py:3823} INFO - Setting next_dagrun for demo_diplom_dag to 2026-04-26 00:00:00+00:00, run_after=2026-05-03 00:00:00+00:00
[2026-04-26T14:47:43.396+0000] {processor.py:183} INFO - Processing /opt/airflow/dags/demo-dag.py took 0.067 seconds
[2026-04-26T14:48:13.518+0000] {processor.py:161} INFO - Started process (PID=425) to work on /opt/airflow/dags/demo-dag.py
[2026-04-26T14:48:13.519+0000] {processor.py:830} INFO - Processing file /opt/airflow/dags/demo-dag.py for tasks to queue
[2026-04-26T14:48:13.520+0000] {logging_mixin.py:188} INFO - [2026-04-26T14:48:13.519+0000] {dagbag.py:538} INFO - Filling up the DagBag from /opt/airflow/dags/demo-dag.py
[2026-04-26T14:48:13.537+0000] {processor.py:840} INFO - DAG(s) 'demo_diplom_dag' retrieved from /opt/airflow/dags/demo-dag.py
[2026-04-26T14:48:13.556+0000] {logging_mixin.py:188} INFO - [2026-04-26T14:48:13.556+0000] {dag.py:3036} INFO - Sync 1 DAGs
[2026-04-26T14:48:13.570+0000] {logging_mixin.py:188} INFO - [2026-04-26T14:48:13.570+0000] {dag.py:3823} INFO - Setting next_dagrun for demo_diplom_dag to 2026-04-26 00:00:00+00:00, run_after=2026-05-03 00:00:00+00:00
[2026-04-26T14:48:13.583+0000] {processor.py:183} INFO - Processing /opt/airflow/dags/demo-dag.py took 0.067 seconds
[2026-04-26T14:48:43.655+0000] {processor.py:161} INFO - Started process (PID=430) to work on /opt/airflow/dags/demo-dag.py
[2026-04-26T14:48:43.655+0000] {processor.py:830} INFO - Processing file /opt/airflow/dags/demo-dag.py for tasks to queue
[2026-04-26T14:48:43.656+0000] {logging_mixin.py:188} INFO - [2026-04-26T14:48:43.656+0000] {dagbag.py:538} INFO - Filling up the DagBag from /opt/airflow/dags/demo-dag.py
[2026-04-26T14:48:43.674+0000] {processor.py:840} INFO - DAG(s) 'demo_diplom_dag' retrieved from /opt/airflow/dags/demo-dag.py
[2026-04-26T14:48:43.695+0000] {logging_mixin.py:188} INFO - [2026-04-26T14:48:43.695+0000] {dag.py:3036} INFO - Sync 1 DAGs
[2026-04-26T14:48:43.710+0000] {logging_mixin.py:188} INFO - [2026-04-26T14:48:43.710+0000] {dag.py:3823} INFO - Setting next_dagrun for demo_diplom_dag to 2026-04-26 00:00:00+00:00, run_after=2026-05-03 00:00:00+00:00
[2026-04-26T14:48:43.723+0000] {processor.py:183} INFO - Processing /opt/airflow/dags/demo-dag.py took 0.072 seconds
[2026-04-26T14:49:13.824+0000] {processor.py:161} INFO - Started process (PID=435) to work on /opt/airflow/dags/demo-dag.py
[2026-04-26T14:49:13.824+0000] {processor.py:830} INFO - Processing file /opt/airflow/dags/demo-dag.py for tasks to queue
[2026-04-26T14:49:13.825+0000] {logging_mixin.py:188} INFO - [2026-04-26T14:49:13.825+0000] {dagbag.py:538} INFO - Filling up the DagBag from /opt/airflow/dags/demo-dag.py
[2026-04-26T14:49:13.840+0000] {processor.py:840} INFO - DAG(s) 'demo_diplom_dag' retrieved from /opt/airflow/dags/demo-dag.py
[2026-04-26T14:49:13.859+0000] {logging_mixin.py:188} INFO - [2026-04-26T14:49:13.859+0000] {dag.py:3036} INFO - Sync 1 DAGs
[2026-04-26T14:49:13.872+0000] {logging_mixin.py:188} INFO - [2026-04-26T14:49:13.872+0000] {dag.py:3823} INFO - Setting next_dagrun for demo_diplom_dag to 2026-04-26 00:00:00+00:00, run_after=2026-05-03 00:00:00+00:00
[2026-04-26T14:49:13.884+0000] {processor.py:183} INFO - Processing /opt/airflow/dags/demo-dag.py took 0.062 seconds
[2026-04-26T14:49:43.955+0000] {processor.py:161} INFO - Started process (PID=440) to work on /opt/airflow/dags/demo-dag.py
[2026-04-26T14:49:43.956+0000] {processor.py:830} INFO - Processing file /opt/airflow/dags/demo-dag.py for tasks to queue
[2026-04-26T14:49:43.957+0000] {logging_mixin.py:188} INFO - [2026-04-26T14:49:43.956+0000] {dagbag.py:538} INFO - Filling up the DagBag from /opt/airflow/dags/demo-dag.py
[2026-04-26T14:49:43.974+0000] {processor.py:840} INFO - DAG(s) 'demo_diplom_dag' retrieved from /opt/airflow/dags/demo-dag.py
[2026-04-26T14:49:43.994+0000] {logging_mixin.py:188} INFO - [2026-04-26T14:49:43.993+0000] {dag.py:3036} INFO - Sync 1 DAGs
[2026-04-26T14:49:44.009+0000] {logging_mixin.py:188} INFO - [2026-04-26T14:49:44.009+0000] {dag.py:3823} INFO - Setting next_dagrun for demo_diplom_dag to 2026-04-26 00:00:00+00:00, run_after=2026-05-03 00:00:00+00:00
[2026-04-26T14:49:44.022+0000] {processor.py:183} INFO - Processing /opt/airflow/dags/demo-dag.py took 0.070 seconds
[2026-04-26T14:50:14.122+0000] {processor.py:161} INFO - Started process (PID=445) to work on /opt/airflow/dags/demo-dag.py
[2026-04-26T14:50:14.123+0000] {processor.py:830} INFO - Processing file /opt/airflow/dags/demo-dag.py for tasks to queue
[2026-04-26T14:50:14.123+0000] {logging_mixin.py:188} INFO - [2026-04-26T14:50:14.123+0000] {dagbag.py:538} INFO - Filling up the DagBag from /opt/airflow/dags/demo-dag.py
[2026-04-26T14:50:14.138+0000] {processor.py:840} INFO - DAG(s) 'demo_diplom_dag' retrieved from /opt/airflow/dags/demo-dag.py
[2026-04-26T14:50:14.157+0000] {logging_mixin.py:188} INFO - [2026-04-26T14:50:14.157+0000] {dag.py:3036} INFO - Sync 1 DAGs
[2026-04-26T14:50:14.171+0000] {logging_mixin.py:188} INFO - [2026-04-26T14:50:14.171+0000] {dag.py:3823} INFO - Setting next_dagrun for demo_diplom_dag to 2026-04-26 00:00:00+00:00, run_after=2026-05-03 00:00:00+00:00
[2026-04-26T14:50:14.184+0000] {processor.py:183} INFO - Processing /opt/airflow/dags/demo-dag.py took 0.064 seconds
[2026-04-26T14:50:44.253+0000] {processor.py:161} INFO - Started process (PID=450) to work on /opt/airflow/dags/demo-dag.py
[2026-04-26T14:50:44.254+0000] {processor.py:830} INFO - Processing file /opt/airflow/dags/demo-dag.py for tasks to queue
[2026-04-26T14:50:44.254+0000] {logging_mixin.py:188} INFO - [2026-04-26T14:50:44.254+0000] {dagbag.py:538} INFO - Filling up the DagBag from /opt/airflow/dags/demo-dag.py
[2026-04-26T14:50:44.270+0000] {processor.py:840} INFO - DAG(s) 'demo_diplom_dag' retrieved from /opt/airflow/dags/demo-dag.py
[2026-04-26T14:50:44.290+0000] {logging_mixin.py:188} INFO - [2026-04-26T14:50:44.289+0000] {dag.py:3036} INFO - Sync 1 DAGs
[2026-04-26T14:50:44.305+0000] {logging_mixin.py:188} INFO - [2026-04-26T14:50:44.304+0000] {dag.py:3823} INFO - Setting next_dagrun for demo_diplom_dag to 2026-04-26 00:00:00+00:00, run_after=2026-05-03 00:00:00+00:00
[2026-04-26T14:50:44.317+0000] {processor.py:183} INFO - Processing /opt/airflow/dags/demo-dag.py took 0.067 seconds
[2026-04-26T14:51:14.407+0000] {processor.py:161} INFO - Started process (PID=455) to work on /opt/airflow/dags/demo-dag.py
[2026-04-26T14:51:14.408+0000] {processor.py:830} INFO - Processing file /opt/airflow/dags/demo-dag.py for tasks to queue
[2026-04-26T14:51:14.409+0000] {logging_mixin.py:188} INFO - [2026-04-26T14:51:14.409+0000] {dagbag.py:538} INFO - Filling up the DagBag from /opt/airflow/dags/demo-dag.py
[2026-04-26T14:51:14.425+0000] {processor.py:840} INFO - DAG(s) 'demo_diplom_dag' retrieved from /opt/airflow/dags/demo-dag.py
[2026-04-26T14:51:14.446+0000] {logging_mixin.py:188} INFO - [2026-04-26T14:51:14.446+0000] {dag.py:3036} INFO - Sync 1 DAGs
[2026-04-26T14:51:14.461+0000] {logging_mixin.py:188} INFO - [2026-04-26T14:51:14.461+0000] {dag.py:3823} INFO - Setting next_dagrun for demo_diplom_dag to 2026-04-26 00:00:00+00:00, run_after=2026-05-03 00:00:00+00:00
[2026-04-26T14:51:14.475+0000] {processor.py:183} INFO - Processing /opt/airflow/dags/demo-dag.py took 0.071 seconds
[2026-04-26T14:51:44.546+0000] {processor.py:161} INFO - Started process (PID=460) to work on /opt/airflow/dags/demo-dag.py
[2026-04-26T14:51:44.547+0000] {processor.py:830} INFO - Processing file /opt/airflow/dags/demo-dag.py for tasks to queue
[2026-04-26T14:51:44.548+0000] {logging_mixin.py:188} INFO - [2026-04-26T14:51:44.548+0000] {dagbag.py:538} INFO - Filling up the DagBag from /opt/airflow/dags/demo-dag.py
[2026-04-26T14:51:44.564+0000] {processor.py:840} INFO - DAG(s) 'demo_diplom_dag' retrieved from /opt/airflow/dags/demo-dag.py
[2026-04-26T14:51:44.584+0000] {logging_mixin.py:188} INFO - [2026-04-26T14:51:44.584+0000] {dag.py:3036} INFO - Sync 1 DAGs
[2026-04-26T14:51:44.599+0000] {logging_mixin.py:188} INFO - [2026-04-26T14:51:44.599+0000] {dag.py:3823} INFO - Setting next_dagrun for demo_diplom_dag to 2026-04-26 00:00:00+00:00, run_after=2026-05-03 00:00:00+00:00
[2026-04-26T14:51:44.611+0000] {processor.py:183} INFO - Processing /opt/airflow/dags/demo-dag.py took 0.068 seconds
[2026-04-26T14:52:14.702+0000] {processor.py:161} INFO - Started process (PID=465) to work on /opt/airflow/dags/demo-dag.py
[2026-04-26T14:52:14.702+0000] {processor.py:830} INFO - Processing file /opt/airflow/dags/demo-dag.py for tasks to queue
[2026-04-26T14:52:14.703+0000] {logging_mixin.py:188} INFO - [2026-04-26T14:52:14.703+0000] {dagbag.py:538} INFO - Filling up the DagBag from /opt/airflow/dags/demo-dag.py
[2026-04-26T14:52:14.720+0000] {processor.py:840} INFO - DAG(s) 'demo_diplom_dag' retrieved from /opt/airflow/dags/demo-dag.py
[2026-04-26T14:52:14.740+0000] {logging_mixin.py:188} INFO - [2026-04-26T14:52:14.739+0000] {dag.py:3036} INFO - Sync 1 DAGs
[2026-04-26T14:52:14.753+0000] {logging_mixin.py:188} INFO - [2026-04-26T14:52:14.753+0000] {dag.py:3823} INFO - Setting next_dagrun for demo_diplom_dag to 2026-04-26 00:00:00+00:00, run_after=2026-05-03 00:00:00+00:00
[2026-04-26T14:52:14.765+0000] {processor.py:183} INFO - Processing /opt/airflow/dags/demo-dag.py took 0.066 seconds
[2026-04-26T14:52:44.844+0000] {processor.py:161} INFO - Started process (PID=470) to work on /opt/airflow/dags/demo-dag.py
[2026-04-26T14:52:44.844+0000] {processor.py:830} INFO - Processing file /opt/airflow/dags/demo-dag.py for tasks to queue
[2026-04-26T14:52:44.845+0000] {logging_mixin.py:188} INFO - [2026-04-26T14:52:44.845+0000] {dagbag.py:538} INFO - Filling up the DagBag from /opt/airflow/dags/demo-dag.py
[2026-04-26T14:52:44.862+0000] {processor.py:840} INFO - DAG(s) 'demo_diplom_dag' retrieved from /opt/airflow/dags/demo-dag.py
[2026-04-26T14:52:44.881+0000] {logging_mixin.py:188} INFO - [2026-04-26T14:52:44.881+0000] {dag.py:3036} INFO - Sync 1 DAGs
[2026-04-26T14:52:44.896+0000] {logging_mixin.py:188} INFO - [2026-04-26T14:52:44.896+0000] {dag.py:3823} INFO - Setting next_dagrun for demo_diplom_dag to 2026-04-26 00:00:00+00:00, run_after=2026-05-03 00:00:00+00:00
[2026-04-26T14:52:44.908+0000] {processor.py:183} INFO - Processing /opt/airflow/dags/demo-dag.py took 0.067 seconds
[2026-04-26T14:53:15.005+0000] {processor.py:161} INFO - Started process (PID=475) to work on /opt/airflow/dags/demo-dag.py
[2026-04-26T14:53:15.006+0000] {processor.py:830} INFO - Processing file /opt/airflow/dags/demo-dag.py for tasks to queue
[2026-04-26T14:53:15.007+0000] {logging_mixin.py:188} INFO - [2026-04-26T14:53:15.007+0000] {dagbag.py:538} INFO - Filling up the DagBag from /opt/airflow/dags/demo-dag.py
[2026-04-26T14:53:15.025+0000] {processor.py:840} INFO - DAG(s) 'demo_diplom_dag' retrieved from /opt/airflow/dags/demo-dag.py
[2026-04-26T14:53:15.048+0000] {logging_mixin.py:188} INFO - [2026-04-26T14:53:15.047+0000] {dag.py:3036} INFO - Sync 1 DAGs
[2026-04-26T14:53:15.063+0000] {logging_mixin.py:188} INFO - [2026-04-26T14:53:15.063+0000] {dag.py:3823} INFO - Setting next_dagrun for demo_diplom_dag to 2026-04-26 00:00:00+00:00, run_after=2026-05-03 00:00:00+00:00
[2026-04-26T14:53:15.075+0000] {processor.py:183} INFO - Processing /opt/airflow/dags/demo-dag.py took 0.072 seconds
[2026-04-26T14:53:45.128+0000] {processor.py:161} INFO - Started process (PID=480) to work on /opt/airflow/dags/demo-dag.py
[2026-04-26T14:53:45.128+0000] {processor.py:830} INFO - Processing file /opt/airflow/dags/demo-dag.py for tasks to queue
[2026-04-26T14:53:45.129+0000] {logging_mixin.py:188} INFO - [2026-04-26T14:53:45.129+0000] {dagbag.py:538} INFO - Filling up the DagBag from /opt/airflow/dags/demo-dag.py
[2026-04-26T14:53:45.145+0000] {processor.py:840} INFO - DAG(s) 'demo_diplom_dag' retrieved from /opt/airflow/dags/demo-dag.py
[2026-04-26T14:53:45.169+0000] {logging_mixin.py:188} INFO - [2026-04-26T14:53:45.168+0000] {dag.py:3036} INFO - Sync 1 DAGs
[2026-04-26T14:53:45.185+0000] {logging_mixin.py:188} INFO - [2026-04-26T14:53:45.185+0000] {dag.py:3823} INFO - Setting next_dagrun for demo_diplom_dag to 2026-04-26 00:00:00+00:00, run_after=2026-05-03 00:00:00+00:00
[2026-04-26T14:53:45.198+0000] {processor.py:183} INFO - Processing /opt/airflow/dags/demo-dag.py took 0.073 seconds
[2026-04-26T14:54:15.301+0000] {processor.py:161} INFO - Started process (PID=485) to work on /opt/airflow/dags/demo-dag.py
[2026-04-26T14:54:15.302+0000] {processor.py:830} INFO - Processing file /opt/airflow/dags/demo-dag.py for tasks to queue
[2026-04-26T14:54:15.303+0000] {logging_mixin.py:188} INFO - [2026-04-26T14:54:15.302+0000] {dagbag.py:538} INFO - Filling up the DagBag from /opt/airflow/dags/demo-dag.py
[2026-04-26T14:54:15.318+0000] {processor.py:840} INFO - DAG(s) 'demo_diplom_dag' retrieved from /opt/airflow/dags/demo-dag.py
[2026-04-26T14:54:15.341+0000] {logging_mixin.py:188} INFO - [2026-04-26T14:54:15.340+0000] {dag.py:3036} INFO - Sync 1 DAGs
[2026-04-26T14:54:15.356+0000] {logging_mixin.py:188} INFO - [2026-04-26T14:54:15.356+0000] {dag.py:3823} INFO - Setting next_dagrun for demo_diplom_dag to 2026-04-26 00:00:00+00:00, run_after=2026-05-03 00:00:00+00:00
[2026-04-26T14:54:15.369+0000] {processor.py:183} INFO - Processing /opt/airflow/dags/demo-dag.py took 0.070 seconds
[2026-04-26T14:54:45.431+0000] {processor.py:161} INFO - Started process (PID=490) to work on /opt/airflow/dags/demo-dag.py
[2026-04-26T14:54:45.431+0000] {processor.py:830} INFO - Processing file /opt/airflow/dags/demo-dag.py for tasks to queue
[2026-04-26T14:54:45.432+0000] {logging_mixin.py:188} INFO - [2026-04-26T14:54:45.432+0000] {dagbag.py:538} INFO - Filling up the DagBag from /opt/airflow/dags/demo-dag.py
[2026-04-26T14:54:45.448+0000] {processor.py:840} INFO - DAG(s) 'demo_diplom_dag' retrieved from /opt/airflow/dags/demo-dag.py
[2026-04-26T14:54:45.471+0000] {logging_mixin.py:188} INFO - [2026-04-26T14:54:45.471+0000] {dag.py:3036} INFO - Sync 1 DAGs
[2026-04-26T14:54:45.487+0000] {logging_mixin.py:188} INFO - [2026-04-26T14:54:45.487+0000] {dag.py:3823} INFO - Setting next_dagrun for demo_diplom_dag to 2026-04-26 00:00:00+00:00, run_after=2026-05-03 00:00:00+00:00
[2026-04-26T14:54:45.502+0000] {processor.py:183} INFO - Processing /opt/airflow/dags/demo-dag.py took 0.073 seconds
[2026-04-26T14:55:15.599+0000] {processor.py:161} INFO - Started process (PID=495) to work on /opt/airflow/dags/demo-dag.py
[2026-04-26T14:55:15.599+0000] {processor.py:830} INFO - Processing file /opt/airflow/dags/demo-dag.py for tasks to queue
[2026-04-26T14:55:15.600+0000] {logging_mixin.py:188} INFO - [2026-04-26T14:55:15.600+0000] {dagbag.py:538} INFO - Filling up the DagBag from /opt/airflow/dags/demo-dag.py
[2026-04-26T14:55:15.616+0000] {processor.py:840} INFO - DAG(s) 'demo_diplom_dag' retrieved from /opt/airflow/dags/demo-dag.py
[2026-04-26T14:55:15.637+0000] {logging_mixin.py:188} INFO - [2026-04-26T14:55:15.637+0000] {dag.py:3036} INFO - Sync 1 DAGs
[2026-04-26T14:55:15.654+0000] {logging_mixin.py:188} INFO - [2026-04-26T14:55:15.654+0000] {dag.py:3823} INFO - Setting next_dagrun for demo_diplom_dag to 2026-04-26 00:00:00+00:00, run_after=2026-05-03 00:00:00+00:00
[2026-04-26T14:55:15.668+0000] {processor.py:183} INFO - Processing /opt/airflow/dags/demo-dag.py took 0.071 seconds
[2026-04-26T14:55:45.728+0000] {processor.py:161} INFO - Started process (PID=500) to work on /opt/airflow/dags/demo-dag.py
[2026-04-26T14:55:45.729+0000] {processor.py:830} INFO - Processing file /opt/airflow/dags/demo-dag.py for tasks to queue
[2026-04-26T14:55:45.730+0000] {logging_mixin.py:188} INFO - [2026-04-26T14:55:45.729+0000] {dagbag.py:538} INFO - Filling up the DagBag from /opt/airflow/dags/demo-dag.py
[2026-04-26T14:55:45.746+0000] {processor.py:840} INFO - DAG(s) 'demo_diplom_dag' retrieved from /opt/airflow/dags/demo-dag.py
[2026-04-26T14:55:45.766+0000] {logging_mixin.py:188} INFO - [2026-04-26T14:55:45.766+0000] {dag.py:3036} INFO - Sync 1 DAGs
[2026-04-26T14:55:45.782+0000] {logging_mixin.py:188} INFO - [2026-04-26T14:55:45.782+0000] {dag.py:3823} INFO - Setting next_dagrun for demo_diplom_dag to 2026-04-26 00:00:00+00:00, run_after=2026-05-03 00:00:00+00:00
[2026-04-26T14:55:45.795+0000] {processor.py:183} INFO - Processing /opt/airflow/dags/demo-dag.py took 0.069 seconds
[2026-04-26T14:56:15.897+0000] {processor.py:161} INFO - Started process (PID=505) to work on /opt/airflow/dags/demo-dag.py
[2026-04-26T14:56:15.898+0000] {processor.py:830} INFO - Processing file /opt/airflow/dags/demo-dag.py for tasks to queue
[2026-04-26T14:56:15.898+0000] {logging_mixin.py:188} INFO - [2026-04-26T14:56:15.898+0000] {dagbag.py:538} INFO - Filling up the DagBag from /opt/airflow/dags/demo-dag.py
[2026-04-26T14:56:15.914+0000] {processor.py:840} INFO - DAG(s) 'demo_diplom_dag' retrieved from /opt/airflow/dags/demo-dag.py
[2026-04-26T14:56:15.937+0000] {logging_mixin.py:188} INFO - [2026-04-26T14:56:15.936+0000] {dag.py:3036} INFO - Sync 1 DAGs
[2026-04-26T14:56:15.952+0000] {logging_mixin.py:188} INFO - [2026-04-26T14:56:15.952+0000] {dag.py:3823} INFO - Setting next_dagrun for demo_diplom_dag to 2026-04-26 00:00:00+00:00, run_after=2026-05-03 00:00:00+00:00
[2026-04-26T14:56:15.966+0000] {processor.py:183} INFO - Processing /opt/airflow/dags/demo-dag.py took 0.071 seconds
[2026-04-26T14:56:46.023+0000] {processor.py:161} INFO - Started process (PID=510) to work on /opt/airflow/dags/demo-dag.py
[2026-04-26T14:56:46.024+0000] {processor.py:830} INFO - Processing file /opt/airflow/dags/demo-dag.py for tasks to queue
[2026-04-26T14:56:46.024+0000] {logging_mixin.py:188} INFO - [2026-04-26T14:56:46.024+0000] {dagbag.py:538} INFO - Filling up the DagBag from /opt/airflow/dags/demo-dag.py
[2026-04-26T14:56:46.040+0000] {processor.py:840} INFO - DAG(s) 'demo_diplom_dag' retrieved from /opt/airflow/dags/demo-dag.py
[2026-04-26T14:56:46.059+0000] {logging_mixin.py:188} INFO - [2026-04-26T14:56:46.059+0000] {dag.py:3036} INFO - Sync 1 DAGs
[2026-04-26T14:56:46.075+0000] {logging_mixin.py:188} INFO - [2026-04-26T14:56:46.075+0000] {dag.py:3823} INFO - Setting next_dagrun for demo_diplom_dag to 2026-04-26 00:00:00+00:00, run_after=2026-05-03 00:00:00+00:00
[2026-04-26T14:56:46.087+0000] {processor.py:183} INFO - Processing /opt/airflow/dags/demo-dag.py took 0.066 seconds
[2026-04-26T14:57:16.197+0000] {processor.py:161} INFO - Started process (PID=515) to work on /opt/airflow/dags/demo-dag.py
[2026-04-26T14:57:16.197+0000] {processor.py:830} INFO - Processing file /opt/airflow/dags/demo-dag.py for tasks to queue
[2026-04-26T14:57:16.198+0000] {logging_mixin.py:188} INFO - [2026-04-26T14:57:16.198+0000] {dagbag.py:538} INFO - Filling up the DagBag from /opt/airflow/dags/demo-dag.py
[2026-04-26T14:57:16.214+0000] {processor.py:840} INFO - DAG(s) 'demo_diplom_dag' retrieved from /opt/airflow/dags/demo-dag.py
[2026-04-26T14:57:16.233+0000] {logging_mixin.py:188} INFO - [2026-04-26T14:57:16.232+0000] {dag.py:3036} INFO - Sync 1 DAGs
[2026-04-26T14:57:16.248+0000] {logging_mixin.py:188} INFO - [2026-04-26T14:57:16.248+0000] {dag.py:3823} INFO - Setting next_dagrun for demo_diplom_dag to 2026-04-26 00:00:00+00:00, run_after=2026-05-03 00:00:00+00:00
[2026-04-26T14:57:16.261+0000] {processor.py:183} INFO - Processing /opt/airflow/dags/demo-dag.py took 0.067 seconds
[2026-04-26T14:57:46.319+0000] {processor.py:161} INFO - Started process (PID=520) to work on /opt/airflow/dags/demo-dag.py
[2026-04-26T14:57:46.319+0000] {processor.py:830} INFO - Processing file /opt/airflow/dags/demo-dag.py for tasks to queue
[2026-04-26T14:57:46.320+0000] {logging_mixin.py:188} INFO - [2026-04-26T14:57:46.320+0000] {dagbag.py:538} INFO - Filling up the DagBag from /opt/airflow/dags/demo-dag.py
[2026-04-26T14:57:46.335+0000] {processor.py:840} INFO - DAG(s) 'demo_diplom_dag' retrieved from /opt/airflow/dags/demo-dag.py
[2026-04-26T14:57:46.365+0000] {logging_mixin.py:188} INFO - [2026-04-26T14:57:46.364+0000] {dag.py:3036} INFO - Sync 1 DAGs
[2026-04-26T14:57:46.389+0000] {logging_mixin.py:188} INFO - [2026-04-26T14:57:46.389+0000] {dag.py:3823} INFO - Setting next_dagrun for demo_diplom_dag to 2026-04-26 00:00:00+00:00, run_after=2026-05-03 00:00:00+00:00
[2026-04-26T14:57:46.405+0000] {processor.py:183} INFO - Processing /opt/airflow/dags/demo-dag.py took 0.089 seconds
[2026-04-26T14:58:16.515+0000] {processor.py:161} INFO - Started process (PID=525) to work on /opt/airflow/dags/demo-dag.py
[2026-04-26T14:58:16.515+0000] {processor.py:830} INFO - Processing file /opt/airflow/dags/demo-dag.py for tasks to queue
[2026-04-26T14:58:16.516+0000] {logging_mixin.py:188} INFO - [2026-04-26T14:58:16.516+0000] {dagbag.py:538} INFO - Filling up the DagBag from /opt/airflow/dags/demo-dag.py
[2026-04-26T14:58:16.533+0000] {processor.py:840} INFO - DAG(s) 'demo_diplom_dag' retrieved from /opt/airflow/dags/demo-dag.py
[2026-04-26T14:58:16.552+0000] {logging_mixin.py:188} INFO - [2026-04-26T14:58:16.552+0000] {dag.py:3036} INFO - Sync 1 DAGs
[2026-04-26T14:58:16.567+0000] {logging_mixin.py:188} INFO - [2026-04-26T14:58:16.567+0000] {dag.py:3823} INFO - Setting next_dagrun for demo_diplom_dag to 2026-04-26 00:00:00+00:00, run_after=2026-05-03 00:00:00+00:00
[2026-04-26T14:58:16.581+0000] {processor.py:183} INFO - Processing /opt/airflow/dags/demo-dag.py took 0.068 seconds
[2026-04-26T14:58:46.644+0000] {processor.py:161} INFO - Started process (PID=530) to work on /opt/airflow/dags/demo-dag.py
[2026-04-26T14:58:46.644+0000] {processor.py:830} INFO - Processing file /opt/airflow/dags/demo-dag.py for tasks to queue
[2026-04-26T14:58:46.645+0000] {logging_mixin.py:188} INFO - [2026-04-26T14:58:46.645+0000] {dagbag.py:538} INFO - Filling up the DagBag from /opt/airflow/dags/demo-dag.py
[2026-04-26T14:58:46.660+0000] {processor.py:840} INFO - DAG(s) 'demo_diplom_dag' retrieved from /opt/airflow/dags/demo-dag.py
[2026-04-26T14:58:46.682+0000] {logging_mixin.py:188} INFO - [2026-04-26T14:58:46.682+0000] {dag.py:3036} INFO - Sync 1 DAGs
[2026-04-26T14:58:46.698+0000] {logging_mixin.py:188} INFO - [2026-04-26T14:58:46.698+0000] {dag.py:3823} INFO - Setting next_dagrun for demo_diplom_dag to 2026-04-26 00:00:00+00:00, run_after=2026-05-03 00:00:00+00:00
[2026-04-26T14:58:46.710+0000] {processor.py:183} INFO - Processing /opt/airflow/dags/demo-dag.py took 0.069 seconds
[2026-04-26T14:59:16.809+0000] {processor.py:161} INFO - Started process (PID=535) to work on /opt/airflow/dags/demo-dag.py
[2026-04-26T14:59:16.809+0000] {processor.py:830} INFO - Processing file /opt/airflow/dags/demo-dag.py for tasks to queue
[2026-04-26T14:59:16.810+0000] {logging_mixin.py:188} INFO - [2026-04-26T14:59:16.810+0000] {dagbag.py:538} INFO - Filling up the DagBag from /opt/airflow/dags/demo-dag.py
[2026-04-26T14:59:16.828+0000] {processor.py:840} INFO - DAG(s) 'demo_diplom_dag' retrieved from /opt/airflow/dags/demo-dag.py
[2026-04-26T14:59:16.848+0000] {logging_mixin.py:188} INFO - [2026-04-26T14:59:16.847+0000] {dag.py:3036} INFO - Sync 1 DAGs
[2026-04-26T14:59:16.862+0000] {logging_mixin.py:188} INFO - [2026-04-26T14:59:16.862+0000] {dag.py:3823} INFO - Setting next_dagrun for demo_diplom_dag to 2026-04-26 00:00:00+00:00, run_after=2026-05-03 00:00:00+00:00
[2026-04-26T14:59:16.875+0000] {processor.py:183} INFO - Processing /opt/airflow/dags/demo-dag.py took 0.069 seconds
[2026-04-26T14:59:46.939+0000] {processor.py:161} INFO - Started process (PID=540) to work on /opt/airflow/dags/demo-dag.py
[2026-04-26T14:59:46.940+0000] {processor.py:830} INFO - Processing file /opt/airflow/dags/demo-dag.py for tasks to queue
[2026-04-26T14:59:46.941+0000] {logging_mixin.py:188} INFO - [2026-04-26T14:59:46.940+0000] {dagbag.py:538} INFO - Filling up the DagBag from /opt/airflow/dags/demo-dag.py
[2026-04-26T14:59:46.957+0000] {processor.py:840} INFO - DAG(s) 'demo_diplom_dag' retrieved from /opt/airflow/dags/demo-dag.py
[2026-04-26T14:59:46.977+0000] {logging_mixin.py:188} INFO - [2026-04-26T14:59:46.977+0000] {dag.py:3036} INFO - Sync 1 DAGs
[2026-04-26T14:59:46.993+0000] {logging_mixin.py:188} INFO - [2026-04-26T14:59:46.993+0000] {dag.py:3823} INFO - Setting next_dagrun for demo_diplom_dag to 2026-04-26 00:00:00+00:00, run_after=2026-05-03 00:00:00+00:00
[2026-04-26T14:59:47.007+0000] {processor.py:183} INFO - Processing /opt/airflow/dags/demo-dag.py took 0.070 seconds
[2026-04-26T15:00:17.106+0000] {processor.py:161} INFO - Started process (PID=545) to work on /opt/airflow/dags/demo-dag.py
[2026-04-26T15:00:17.107+0000] {processor.py:830} INFO - Processing file /opt/airflow/dags/demo-dag.py for tasks to queue
[2026-04-26T15:00:17.108+0000] {logging_mixin.py:188} INFO - [2026-04-26T15:00:17.107+0000] {dagbag.py:538} INFO - Filling up the DagBag from /opt/airflow/dags/demo-dag.py
[2026-04-26T15:00:17.123+0000] {processor.py:840} INFO - DAG(s) 'demo_diplom_dag' retrieved from /opt/airflow/dags/demo-dag.py
[2026-04-26T15:00:17.144+0000] {logging_mixin.py:188} INFO - [2026-04-26T15:00:17.144+0000] {dag.py:3036} INFO - Sync 1 DAGs
[2026-04-26T15:00:17.161+0000] {logging_mixin.py:188} INFO - [2026-04-26T15:00:17.161+0000] {dag.py:3823} INFO - Setting next_dagrun for demo_diplom_dag to 2026-04-26 00:00:00+00:00, run_after=2026-05-03 00:00:00+00:00
[2026-04-26T15:00:17.175+0000] {processor.py:183} INFO - Processing /opt/airflow/dags/demo-dag.py took 0.072 seconds
[2026-04-26T15:00:47.231+0000] {processor.py:161} INFO - Started process (PID=550) to work on /opt/airflow/dags/demo-dag.py
[2026-04-26T15:00:47.232+0000] {processor.py:830} INFO - Processing file /opt/airflow/dags/demo-dag.py for tasks to queue
[2026-04-26T15:00:47.233+0000] {logging_mixin.py:188} INFO - [2026-04-26T15:00:47.232+0000] {dagbag.py:538} INFO - Filling up the DagBag from /opt/airflow/dags/demo-dag.py
[2026-04-26T15:00:47.249+0000] {processor.py:840} INFO - DAG(s) 'demo_diplom_dag' retrieved from /opt/airflow/dags/demo-dag.py
[2026-04-26T15:00:47.270+0000] {logging_mixin.py:188} INFO - [2026-04-26T15:00:47.270+0000] {dag.py:3036} INFO - Sync 1 DAGs
[2026-04-26T15:00:47.284+0000] {logging_mixin.py:188} INFO - [2026-04-26T15:00:47.284+0000] {dag.py:3823} INFO - Setting next_dagrun for demo_diplom_dag to 2026-04-26 00:00:00+00:00, run_after=2026-05-03 00:00:00+00:00
[2026-04-26T15:00:47.298+0000] {processor.py:183} INFO - Processing /opt/airflow/dags/demo-dag.py took 0.069 seconds
[2026-04-26T15:01:17.406+0000] {processor.py:161} INFO - Started process (PID=555) to work on /opt/airflow/dags/demo-dag.py
[2026-04-26T15:01:17.406+0000] {processor.py:830} INFO - Processing file /opt/airflow/dags/demo-dag.py for tasks to queue
[2026-04-26T15:01:17.407+0000] {logging_mixin.py:188} INFO - [2026-04-26T15:01:17.407+0000] {dagbag.py:538} INFO - Filling up the DagBag from /opt/airflow/dags/demo-dag.py
[2026-04-26T15:01:17.422+0000] {processor.py:840} INFO - DAG(s) 'demo_diplom_dag' retrieved from /opt/airflow/dags/demo-dag.py
[2026-04-26T15:01:17.442+0000] {logging_mixin.py:188} INFO - [2026-04-26T15:01:17.442+0000] {dag.py:3036} INFO - Sync 1 DAGs
[2026-04-26T15:01:17.459+0000] {logging_mixin.py:188} INFO - [2026-04-26T15:01:17.459+0000] {dag.py:3823} INFO - Setting next_dagrun for demo_diplom_dag to 2026-04-26 00:00:00+00:00, run_after=2026-05-03 00:00:00+00:00
[2026-04-26T15:01:17.472+0000] {processor.py:183} INFO - Processing /opt/airflow/dags/demo-dag.py took 0.069 seconds
[2026-04-26T15:01:47.532+0000] {processor.py:161} INFO - Started process (PID=560) to work on /opt/airflow/dags/demo-dag.py
[2026-04-26T15:01:47.533+0000] {processor.py:830} INFO - Processing file /opt/airflow/dags/demo-dag.py for tasks to queue
[2026-04-26T15:01:47.533+0000] {logging_mixin.py:188} INFO - [2026-04-26T15:01:47.533+0000] {dagbag.py:538} INFO - Filling up the DagBag from /opt/airflow/dags/demo-dag.py
[2026-04-26T15:01:47.548+0000] {processor.py:840} INFO - DAG(s) 'demo_diplom_dag' retrieved from /opt/airflow/dags/demo-dag.py
[2026-04-26T15:01:47.567+0000] {logging_mixin.py:188} INFO - [2026-04-26T15:01:47.567+0000] {dag.py:3036} INFO - Sync 1 DAGs
[2026-04-26T15:01:47.581+0000] {logging_mixin.py:188} INFO - [2026-04-26T15:01:47.581+0000] {dag.py:3823} INFO - Setting next_dagrun for demo_diplom_dag to 2026-04-26 00:00:00+00:00, run_after=2026-05-03 00:00:00+00:00
[2026-04-26T15:01:47.595+0000] {processor.py:183} INFO - Processing /opt/airflow/dags/demo-dag.py took 0.065 seconds
[2026-04-26T15:02:17.707+0000] {processor.py:161} INFO - Started process (PID=565) to work on /opt/airflow/dags/demo-dag.py
[2026-04-26T15:02:17.708+0000] {processor.py:830} INFO - Processing file /opt/airflow/dags/demo-dag.py for tasks to queue
[2026-04-26T15:02:17.709+0000] {logging_mixin.py:188} INFO - [2026-04-26T15:02:17.709+0000] {dagbag.py:538} INFO - Filling up the DagBag from /opt/airflow/dags/demo-dag.py
[2026-04-26T15:02:17.724+0000] {processor.py:840} INFO - DAG(s) 'demo_diplom_dag' retrieved from /opt/airflow/dags/demo-dag.py
[2026-04-26T15:02:17.743+0000] {logging_mixin.py:188} INFO - [2026-04-26T15:02:17.743+0000] {dag.py:3036} INFO - Sync 1 DAGs
[2026-04-26T15:02:17.758+0000] {logging_mixin.py:188} INFO - [2026-04-26T15:02:17.758+0000] {dag.py:3823} INFO - Setting next_dagrun for demo_diplom_dag to 2026-04-26 00:00:00+00:00, run_after=2026-05-03 00:00:00+00:00
[2026-04-26T15:02:17.770+0000] {processor.py:183} INFO - Processing /opt/airflow/dags/demo-dag.py took 0.065 seconds
[2026-04-26T15:02:47.836+0000] {processor.py:161} INFO - Started process (PID=570) to work on /opt/airflow/dags/demo-dag.py
[2026-04-26T15:02:47.836+0000] {processor.py:830} INFO - Processing file /opt/airflow/dags/demo-dag.py for tasks to queue
[2026-04-26T15:02:47.837+0000] {logging_mixin.py:188} INFO - [2026-04-26T15:02:47.837+0000] {dagbag.py:538} INFO - Filling up the DagBag from /opt/airflow/dags/demo-dag.py
[2026-04-26T15:02:47.852+0000] {processor.py:840} INFO - DAG(s) 'demo_diplom_dag' retrieved from /opt/airflow/dags/demo-dag.py
[2026-04-26T15:02:47.872+0000] {logging_mixin.py:188} INFO - [2026-04-26T15:02:47.871+0000] {dag.py:3036} INFO - Sync 1 DAGs
[2026-04-26T15:02:47.889+0000] {logging_mixin.py:188} INFO - [2026-04-26T15:02:47.888+0000] {dag.py:3823} INFO - Setting next_dagrun for demo_diplom_dag to 2026-04-26 00:00:00+00:00, run_after=2026-05-03 00:00:00+00:00
[2026-04-26T15:02:47.903+0000] {processor.py:183} INFO - Processing /opt/airflow/dags/demo-dag.py took 0.070 seconds
[2026-04-26T15:03:18.018+0000] {processor.py:161} INFO - Started process (PID=575) to work on /opt/airflow/dags/demo-dag.py
[2026-04-26T15:03:18.019+0000] {processor.py:830} INFO - Processing file /opt/airflow/dags/demo-dag.py for tasks to queue
[2026-04-26T15:03:18.020+0000] {logging_mixin.py:188} INFO - [2026-04-26T15:03:18.019+0000] {dagbag.py:538} INFO - Filling up the DagBag from /opt/airflow/dags/demo-dag.py
[2026-04-26T15:03:18.034+0000] {processor.py:840} INFO - DAG(s) 'demo_diplom_dag' retrieved from /opt/airflow/dags/demo-dag.py
[2026-04-26T15:03:18.053+0000] {logging_mixin.py:188} INFO - [2026-04-26T15:03:18.053+0000] {dag.py:3036} INFO - Sync 1 DAGs
[2026-04-26T15:03:18.069+0000] {logging_mixin.py:188} INFO - [2026-04-26T15:03:18.069+0000] {dag.py:3823} INFO - Setting next_dagrun for demo_diplom_dag to 2026-04-26 00:00:00+00:00, run_after=2026-05-03 00:00:00+00:00
[2026-04-26T15:03:18.082+0000] {processor.py:183} INFO - Processing /opt/airflow/dags/demo-dag.py took 0.066 seconds
[2026-04-26T15:03:48.151+0000] {processor.py:161} INFO - Started process (PID=580) to work on /opt/airflow/dags/demo-dag.py
[2026-04-26T15:03:48.152+0000] {processor.py:830} INFO - Processing file /opt/airflow/dags/demo-dag.py for tasks to queue
[2026-04-26T15:03:48.152+0000] {logging_mixin.py:188} INFO - [2026-04-26T15:03:48.152+0000] {dagbag.py:538} INFO - Filling up the DagBag from /opt/airflow/dags/demo-dag.py
[2026-04-26T15:03:48.167+0000] {processor.py:840} INFO - DAG(s) 'demo_diplom_dag' retrieved from /opt/airflow/dags/demo-dag.py
[2026-04-26T15:03:48.186+0000] {logging_mixin.py:188} INFO - [2026-04-26T15:03:48.186+0000] {dag.py:3036} INFO - Sync 1 DAGs
[2026-04-26T15:03:48.201+0000] {logging_mixin.py:188} INFO - [2026-04-26T15:03:48.201+0000] {dag.py:3823} INFO - Setting next_dagrun for demo_diplom_dag to 2026-04-26 00:00:00+00:00, run_after=2026-05-03 00:00:00+00:00
[2026-04-26T15:03:48.214+0000] {processor.py:183} INFO - Processing /opt/airflow/dags/demo-dag.py took 0.065 seconds
[2026-04-26T15:04:18.305+0000] {processor.py:161} INFO - Started process (PID=585) to work on /opt/airflow/dags/demo-dag.py
[2026-04-26T15:04:18.305+0000] {processor.py:830} INFO - Processing file /opt/airflow/dags/demo-dag.py for tasks to queue
[2026-04-26T15:04:18.306+0000] {logging_mixin.py:188} INFO - [2026-04-26T15:04:18.306+0000] {dagbag.py:538} INFO - Filling up the DagBag from /opt/airflow/dags/demo-dag.py
[2026-04-26T15:04:18.321+0000] {processor.py:840} INFO - DAG(s) 'demo_diplom_dag' retrieved from /opt/airflow/dags/demo-dag.py
[2026-04-26T15:04:18.345+0000] {logging_mixin.py:188} INFO - [2026-04-26T15:04:18.345+0000] {dag.py:3036} INFO - Sync 1 DAGs
[2026-04-26T15:04:18.363+0000] {logging_mixin.py:188} INFO - [2026-04-26T15:04:18.362+0000] {dag.py:3823} INFO - Setting next_dagrun for demo_diplom_dag to 2026-04-26 00:00:00+00:00, run_after=2026-05-03 00:00:00+00:00
[2026-04-26T15:04:18.375+0000] {processor.py:183} INFO - Processing /opt/airflow/dags/demo-dag.py took 0.073 seconds
[2026-04-26T15:04:48.437+0000] {processor.py:161} INFO - Started process (PID=590) to work on /opt/airflow/dags/demo-dag.py
[2026-04-26T15:04:48.438+0000] {processor.py:830} INFO - Processing file /opt/airflow/dags/demo-dag.py for tasks to queue
[2026-04-26T15:04:48.439+0000] {logging_mixin.py:188} INFO - [2026-04-26T15:04:48.439+0000] {dagbag.py:538} INFO - Filling up the DagBag from /opt/airflow/dags/demo-dag.py
[2026-04-26T15:04:48.458+0000] {processor.py:840} INFO - DAG(s) 'demo_diplom_dag' retrieved from /opt/airflow/dags/demo-dag.py
[2026-04-26T15:04:48.479+0000] {logging_mixin.py:188} INFO - [2026-04-26T15:04:48.479+0000] {dag.py:3036} INFO - Sync 1 DAGs
[2026-04-26T15:04:48.494+0000] {logging_mixin.py:188} INFO - [2026-04-26T15:04:48.494+0000] {dag.py:3823} INFO - Setting next_dagrun for demo_diplom_dag to 2026-04-26 00:00:00+00:00, run_after=2026-05-03 00:00:00+00:00
[2026-04-26T15:04:48.508+0000] {processor.py:183} INFO - Processing /opt/airflow/dags/demo-dag.py took 0.074 seconds
[2026-04-26T15:05:18.613+0000] {processor.py:161} INFO - Started process (PID=595) to work on /opt/airflow/dags/demo-dag.py
[2026-04-26T15:05:18.614+0000] {processor.py:830} INFO - Processing file /opt/airflow/dags/demo-dag.py for tasks to queue
[2026-04-26T15:05:18.615+0000] {logging_mixin.py:188} INFO - [2026-04-26T15:05:18.614+0000] {dagbag.py:538} INFO - Filling up the DagBag from /opt/airflow/dags/demo-dag.py
[2026-04-26T15:05:18.634+0000] {processor.py:840} INFO - DAG(s) 'demo_diplom_dag' retrieved from /opt/airflow/dags/demo-dag.py
[2026-04-26T15:05:18.667+0000] {logging_mixin.py:188} INFO - [2026-04-26T15:05:18.666+0000] {dag.py:3036} INFO - Sync 1 DAGs
[2026-04-26T15:05:18.686+0000] {logging_mixin.py:188} INFO - [2026-04-26T15:05:18.686+0000] {dag.py:3823} INFO - Setting next_dagrun for demo_diplom_dag to 2026-04-26 00:00:00+00:00, run_after=2026-05-03 00:00:00+00:00
[2026-04-26T15:05:18.703+0000] {processor.py:183} INFO - Processing /opt/airflow/dags/demo-dag.py took 0.092 seconds
[2026-04-26T15:05:48.741+0000] {processor.py:161} INFO - Started process (PID=600) to work on /opt/airflow/dags/demo-dag.py
[2026-04-26T15:05:48.741+0000] {processor.py:830} INFO - Processing file /opt/airflow/dags/demo-dag.py for tasks to queue
[2026-04-26T15:05:48.742+0000] {logging_mixin.py:188} INFO - [2026-04-26T15:05:48.742+0000] {dagbag.py:538} INFO - Filling up the DagBag from /opt/airflow/dags/demo-dag.py
[2026-04-26T15:05:48.758+0000] {processor.py:840} INFO - DAG(s) 'demo_diplom_dag' retrieved from /opt/airflow/dags/demo-dag.py
[2026-04-26T15:05:48.778+0000] {logging_mixin.py:188} INFO - [2026-04-26T15:05:48.778+0000] {dag.py:3036} INFO - Sync 1 DAGs
[2026-04-26T15:05:48.793+0000] {logging_mixin.py:188} INFO - [2026-04-26T15:05:48.793+0000] {dag.py:3823} INFO - Setting next_dagrun for demo_diplom_dag to 2026-04-26 00:00:00+00:00, run_after=2026-05-03 00:00:00+00:00
[2026-04-26T15:05:48.806+0000] {processor.py:183} INFO - Processing /opt/airflow/dags/demo-dag.py took 0.068 seconds
[2026-04-26T15:06:18.941+0000] {processor.py:161} INFO - Started process (PID=605) to work on /opt/airflow/dags/demo-dag.py
[2026-04-26T15:06:18.942+0000] {processor.py:830} INFO - Processing file /opt/airflow/dags/demo-dag.py for tasks to queue
[2026-04-26T15:06:18.943+0000] {logging_mixin.py:188} INFO - [2026-04-26T15:06:18.942+0000] {dagbag.py:538} INFO - Filling up the DagBag from /opt/airflow/dags/demo-dag.py
[2026-04-26T15:06:18.965+0000] {processor.py:840} INFO - DAG(s) 'demo_diplom_dag' retrieved from /opt/airflow/dags/demo-dag.py
[2026-04-26T15:06:18.990+0000] {logging_mixin.py:188} INFO - [2026-04-26T15:06:18.990+0000] {dag.py:3036} INFO - Sync 1 DAGs
[2026-04-26T15:06:19.009+0000] {logging_mixin.py:188} INFO - [2026-04-26T15:06:19.009+0000] {dag.py:3823} INFO - Setting next_dagrun for demo_diplom_dag to 2026-04-26 00:00:00+00:00, run_after=2026-05-03 00:00:00+00:00
[2026-04-26T15:06:19.024+0000] {processor.py:183} INFO - Processing /opt/airflow/dags/demo-dag.py took 0.086 seconds
[2026-04-26T15:06:49.068+0000] {processor.py:161} INFO - Started process (PID=610) to work on /opt/airflow/dags/demo-dag.py
[2026-04-26T15:06:49.069+0000] {processor.py:830} INFO - Processing file /opt/airflow/dags/demo-dag.py for tasks to queue
[2026-04-26T15:06:49.070+0000] {logging_mixin.py:188} INFO - [2026-04-26T15:06:49.070+0000] {dagbag.py:538} INFO - Filling up the DagBag from /opt/airflow/dags/demo-dag.py
[2026-04-26T15:06:49.089+0000] {processor.py:840} INFO - DAG(s) 'demo_diplom_dag' retrieved from /opt/airflow/dags/demo-dag.py
[2026-04-26T15:06:49.113+0000] {logging_mixin.py:188} INFO - [2026-04-26T15:06:49.112+0000] {dag.py:3036} INFO - Sync 1 DAGs
[2026-04-26T15:06:49.126+0000] {logging_mixin.py:188} INFO - [2026-04-26T15:06:49.126+0000] {dag.py:3823} INFO - Setting next_dagrun for demo_diplom_dag to 2026-04-26 00:00:00+00:00, run_after=2026-05-03 00:00:00+00:00
[2026-04-26T15:06:49.138+0000] {processor.py:183} INFO - Processing /opt/airflow/dags/demo-dag.py took 0.072 seconds
[2026-04-26T15:07:19.259+0000] {processor.py:161} INFO - Started process (PID=615) to work on /opt/airflow/dags/demo-dag.py
[2026-04-26T15:07:19.260+0000] {processor.py:830} INFO - Processing file /opt/airflow/dags/demo-dag.py for tasks to queue
[2026-04-26T15:07:19.261+0000] {logging_mixin.py:188} INFO - [2026-04-26T15:07:19.261+0000] {dagbag.py:538} INFO - Filling up the DagBag from /opt/airflow/dags/demo-dag.py
[2026-04-26T15:07:19.278+0000] {processor.py:840} INFO - DAG(s) 'demo_diplom_dag' retrieved from /opt/airflow/dags/demo-dag.py
[2026-04-26T15:07:19.300+0000] {logging_mixin.py:188} INFO - [2026-04-26T15:07:19.300+0000] {dag.py:3036} INFO - Sync 1 DAGs
[2026-04-26T15:07:19.316+0000] {logging_mixin.py:188} INFO - [2026-04-26T15:07:19.316+0000] {dag.py:3823} INFO - Setting next_dagrun for demo_diplom_dag to 2026-04-26 00:00:00+00:00, run_after=2026-05-03 00:00:00+00:00
[2026-04-26T15:07:19.329+0000] {processor.py:183} INFO - Processing /opt/airflow/dags/demo-dag.py took 0.072 seconds
[2026-04-26T15:07:49.390+0000] {processor.py:161} INFO - Started process (PID=620) to work on /opt/airflow/dags/demo-dag.py
[2026-04-26T15:07:49.391+0000] {processor.py:830} INFO - Processing file /opt/airflow/dags/demo-dag.py for tasks to queue
[2026-04-26T15:07:49.391+0000] {logging_mixin.py:188} INFO - [2026-04-26T15:07:49.391+0000] {dagbag.py:538} INFO - Filling up the DagBag from /opt/airflow/dags/demo-dag.py
[2026-04-26T15:07:49.407+0000] {processor.py:840} INFO - DAG(s) 'demo_diplom_dag' retrieved from /opt/airflow/dags/demo-dag.py
[2026-04-26T15:07:49.430+0000] {logging_mixin.py:188} INFO - [2026-04-26T15:07:49.430+0000] {dag.py:3036} INFO - Sync 1 DAGs
[2026-04-26T15:07:49.446+0000] {logging_mixin.py:188} INFO - [2026-04-26T15:07:49.446+0000] {dag.py:3823} INFO - Setting next_dagrun for demo_diplom_dag to 2026-04-26 00:00:00+00:00, run_after=2026-05-03 00:00:00+00:00
[2026-04-26T15:07:49.459+0000] {processor.py:183} INFO - Processing /opt/airflow/dags/demo-dag.py took 0.071 seconds
[2026-04-26T15:08:19.587+0000] {processor.py:161} INFO - Started process (PID=626) to work on /opt/airflow/dags/demo-dag.py
[2026-04-26T15:08:19.587+0000] {processor.py:830} INFO - Processing file /opt/airflow/dags/demo-dag.py for tasks to queue
[2026-04-26T15:08:19.588+0000] {logging_mixin.py:188} INFO - [2026-04-26T15:08:19.588+0000] {dagbag.py:538} INFO - Filling up the DagBag from /opt/airflow/dags/demo-dag.py
[2026-04-26T15:08:19.606+0000] {processor.py:840} INFO - DAG(s) 'demo_diplom_dag' retrieved from /opt/airflow/dags/demo-dag.py
[2026-04-26T15:08:19.629+0000] {logging_mixin.py:188} INFO - [2026-04-26T15:08:19.629+0000] {dag.py:3036} INFO - Sync 1 DAGs
[2026-04-26T15:08:19.654+0000] {logging_mixin.py:188} INFO - [2026-04-26T15:08:19.653+0000] {dag.py:3823} INFO - Setting next_dagrun for demo_diplom_dag to 2026-04-26 00:00:00+00:00, run_after=2026-05-03 00:00:00+00:00
[2026-04-26T15:08:19.674+0000] {processor.py:183} INFO - Processing /opt/airflow/dags/demo-dag.py took 0.091 seconds
[2026-04-26T15:08:49.724+0000] {processor.py:161} INFO - Started process (PID=631) to work on /opt/airflow/dags/demo-dag.py
[2026-04-26T15:08:49.725+0000] {processor.py:830} INFO - Processing file /opt/airflow/dags/demo-dag.py for tasks to queue
[2026-04-26T15:08:49.726+0000] {logging_mixin.py:188} INFO - [2026-04-26T15:08:49.725+0000] {dagbag.py:538} INFO - Filling up the DagBag from /opt/airflow/dags/demo-dag.py
[2026-04-26T15:08:49.754+0000] {processor.py:840} INFO - DAG(s) 'demo_diplom_dag' retrieved from /opt/airflow/dags/demo-dag.py
[2026-04-26T15:08:49.782+0000] {logging_mixin.py:188} INFO - [2026-04-26T15:08:49.782+0000] {dag.py:3036} INFO - Sync 1 DAGs
[2026-04-26T15:08:49.799+0000] {logging_mixin.py:188} INFO - [2026-04-26T15:08:49.798+0000] {dag.py:3823} INFO - Setting next_dagrun for demo_diplom_dag to 2026-04-26 00:00:00+00:00, run_after=2026-05-03 00:00:00+00:00
[2026-04-26T15:08:49.811+0000] {processor.py:183} INFO - Processing /opt/airflow/dags/demo-dag.py took 0.091 seconds
[2026-04-26T15:09:19.914+0000] {processor.py:161} INFO - Started process (PID=636) to work on /opt/airflow/dags/demo-dag.py
[2026-04-26T15:09:19.915+0000] {processor.py:830} INFO - Processing file /opt/airflow/dags/demo-dag.py for tasks to queue
[2026-04-26T15:09:19.915+0000] {logging_mixin.py:188} INFO - [2026-04-26T15:09:19.915+0000] {dagbag.py:538} INFO - Filling up the DagBag from /opt/airflow/dags/demo-dag.py
[2026-04-26T15:09:19.934+0000] {processor.py:840} INFO - DAG(s) 'demo_diplom_dag' retrieved from /opt/airflow/dags/demo-dag.py
[2026-04-26T15:09:19.954+0000] {logging_mixin.py:188} INFO - [2026-04-26T15:09:19.953+0000] {dag.py:3036} INFO - Sync 1 DAGs
[2026-04-26T15:09:19.968+0000] {logging_mixin.py:188} INFO - [2026-04-26T15:09:19.967+0000] {dag.py:3823} INFO - Setting next_dagrun for demo_diplom_dag to 2026-04-26 00:00:00+00:00, run_after=2026-05-03 00:00:00+00:00
[2026-04-26T15:09:19.981+0000] {processor.py:183} INFO - Processing /opt/airflow/dags/demo-dag.py took 0.070 seconds
[2026-04-26T15:09:50.048+0000] {processor.py:161} INFO - Started process (PID=641) to work on /opt/airflow/dags/demo-dag.py
[2026-04-26T15:09:50.049+0000] {processor.py:830} INFO - Processing file /opt/airflow/dags/demo-dag.py for tasks to queue
[2026-04-26T15:09:50.050+0000] {logging_mixin.py:188} INFO - [2026-04-26T15:09:50.049+0000] {dagbag.py:538} INFO - Filling up the DagBag from /opt/airflow/dags/demo-dag.py
[2026-04-26T15:09:50.068+0000] {processor.py:840} INFO - DAG(s) 'demo_diplom_dag' retrieved from /opt/airflow/dags/demo-dag.py
[2026-04-26T15:09:50.089+0000] {logging_mixin.py:188} INFO - [2026-04-26T15:09:50.089+0000] {dag.py:3036} INFO - Sync 1 DAGs
[2026-04-26T15:09:50.106+0000] {logging_mixin.py:188} INFO - [2026-04-26T15:09:50.106+0000] {dag.py:3823} INFO - Setting next_dagrun for demo_diplom_dag to 2026-04-26 00:00:00+00:00, run_after=2026-05-03 00:00:00+00:00
[2026-04-26T15:09:50.122+0000] {processor.py:183} INFO - Processing /opt/airflow/dags/demo-dag.py took 0.077 seconds
[2026-04-26T15:10:20.222+0000] {processor.py:161} INFO - Started process (PID=646) to work on /opt/airflow/dags/demo-dag.py
[2026-04-26T15:10:20.223+0000] {processor.py:830} INFO - Processing file /opt/airflow/dags/demo-dag.py for tasks to queue
[2026-04-26T15:10:20.224+0000] {logging_mixin.py:188} INFO - [2026-04-26T15:10:20.223+0000] {dagbag.py:538} INFO - Filling up the DagBag from /opt/airflow/dags/demo-dag.py
[2026-04-26T15:10:20.238+0000] {processor.py:840} INFO - DAG(s) 'demo_diplom_dag' retrieved from /opt/airflow/dags/demo-dag.py
[2026-04-26T15:10:20.255+0000] {logging_mixin.py:188} INFO - [2026-04-26T15:10:20.255+0000] {dag.py:3036} INFO - Sync 1 DAGs
[2026-04-26T15:10:20.269+0000] {logging_mixin.py:188} INFO - [2026-04-26T15:10:20.269+0000] {dag.py:3823} INFO - Setting next_dagrun for demo_diplom_dag to 2026-04-26 00:00:00+00:00, run_after=2026-05-03 00:00:00+00:00
[2026-04-26T15:10:20.280+0000] {processor.py:183} INFO - Processing /opt/airflow/dags/demo-dag.py took 0.060 seconds
[2026-04-26T15:10:50.352+0000] {processor.py:161} INFO - Started process (PID=651) to work on /opt/airflow/dags/demo-dag.py
[2026-04-26T15:10:50.353+0000] {processor.py:830} INFO - Processing file /opt/airflow/dags/demo-dag.py for tasks to queue
[2026-04-26T15:10:50.354+0000] {logging_mixin.py:188} INFO - [2026-04-26T15:10:50.353+0000] {dagbag.py:538} INFO - Filling up the DagBag from /opt/airflow/dags/demo-dag.py
[2026-04-26T15:10:50.369+0000] {processor.py:840} INFO - DAG(s) 'demo_diplom_dag' retrieved from /opt/airflow/dags/demo-dag.py
[2026-04-26T15:10:50.387+0000] {logging_mixin.py:188} INFO - [2026-04-26T15:10:50.387+0000] {dag.py:3036} INFO - Sync 1 DAGs
[2026-04-26T15:10:50.403+0000] {logging_mixin.py:188} INFO - [2026-04-26T15:10:50.403+0000] {dag.py:3823} INFO - Setting next_dagrun for demo_diplom_dag to 2026-04-26 00:00:00+00:00, run_after=2026-05-03 00:00:00+00:00
[2026-04-26T15:10:50.416+0000] {processor.py:183} INFO - Processing /opt/airflow/dags/demo-dag.py took 0.066 seconds
[2026-04-26T15:11:20.507+0000] {processor.py:161} INFO - Started process (PID=656) to work on /opt/airflow/dags/demo-dag.py
[2026-04-26T15:11:20.508+0000] {processor.py:830} INFO - Processing file /opt/airflow/dags/demo-dag.py for tasks to queue
[2026-04-26T15:11:20.509+0000] {logging_mixin.py:188} INFO - [2026-04-26T15:11:20.508+0000] {dagbag.py:538} INFO - Filling up the DagBag from /opt/airflow/dags/demo-dag.py
[2026-04-26T15:11:20.525+0000] {processor.py:840} INFO - DAG(s) 'demo_diplom_dag' retrieved from /opt/airflow/dags/demo-dag.py
[2026-04-26T15:11:20.545+0000] {logging_mixin.py:188} INFO - [2026-04-26T15:11:20.545+0000] {dag.py:3036} INFO - Sync 1 DAGs
[2026-04-26T15:11:20.563+0000] {logging_mixin.py:188} INFO - [2026-04-26T15:11:20.563+0000] {dag.py:3823} INFO - Setting next_dagrun for demo_diplom_dag to 2026-04-26 00:00:00+00:00, run_after=2026-05-03 00:00:00+00:00
[2026-04-26T15:11:20.576+0000] {processor.py:183} INFO - Processing /opt/airflow/dags/demo-dag.py took 0.071 seconds
[2026-04-26T15:11:50.640+0000] {processor.py:161} INFO - Started process (PID=661) to work on /opt/airflow/dags/demo-dag.py
[2026-04-26T15:11:50.640+0000] {processor.py:830} INFO - Processing file /opt/airflow/dags/demo-dag.py for tasks to queue
[2026-04-26T15:11:50.641+0000] {logging_mixin.py:188} INFO - [2026-04-26T15:11:50.641+0000] {dagbag.py:538} INFO - Filling up the DagBag from /opt/airflow/dags/demo-dag.py
[2026-04-26T15:11:50.656+0000] {processor.py:840} INFO - DAG(s) 'demo_diplom_dag' retrieved from /opt/airflow/dags/demo-dag.py
[2026-04-26T15:11:50.676+0000] {logging_mixin.py:188} INFO - [2026-04-26T15:11:50.676+0000] {dag.py:3036} INFO - Sync 1 DAGs
[2026-04-26T15:11:50.693+0000] {logging_mixin.py:188} INFO - [2026-04-26T15:11:50.692+0000] {dag.py:3823} INFO - Setting next_dagrun for demo_diplom_dag to 2026-04-26 00:00:00+00:00, run_after=2026-05-03 00:00:00+00:00
[2026-04-26T15:11:50.705+0000] {processor.py:183} INFO - Processing /opt/airflow/dags/demo-dag.py took 0.068 seconds
[2026-04-26T15:12:20.811+0000] {processor.py:161} INFO - Started process (PID=666) to work on /opt/airflow/dags/demo-dag.py
[2026-04-26T15:12:20.812+0000] {processor.py:830} INFO - Processing file /opt/airflow/dags/demo-dag.py for tasks to queue
[2026-04-26T15:12:20.813+0000] {logging_mixin.py:188} INFO - [2026-04-26T15:12:20.812+0000] {dagbag.py:538} INFO - Filling up the DagBag from /opt/airflow/dags/demo-dag.py
[2026-04-26T15:12:20.831+0000] {processor.py:840} INFO - DAG(s) 'demo_diplom_dag' retrieved from /opt/airflow/dags/demo-dag.py
[2026-04-26T15:12:20.853+0000] {logging_mixin.py:188} INFO - [2026-04-26T15:12:20.853+0000] {dag.py:3036} INFO - Sync 1 DAGs
[2026-04-26T15:12:20.868+0000] {logging_mixin.py:188} INFO - [2026-04-26T15:12:20.868+0000] {dag.py:3823} INFO - Setting next_dagrun for demo_diplom_dag to 2026-04-26 00:00:00+00:00, run_after=2026-05-03 00:00:00+00:00
[2026-04-26T15:12:20.881+0000] {processor.py:183} INFO - Processing /opt/airflow/dags/demo-dag.py took 0.072 seconds
[2026-04-26T15:12:50.938+0000] {processor.py:161} INFO - Started process (PID=671) to work on /opt/airflow/dags/demo-dag.py
[2026-04-26T15:12:50.939+0000] {processor.py:830} INFO - Processing file /opt/airflow/dags/demo-dag.py for tasks to queue
[2026-04-26T15:12:50.939+0000] {logging_mixin.py:188} INFO - [2026-04-26T15:12:50.939+0000] {dagbag.py:538} INFO - Filling up the DagBag from /opt/airflow/dags/demo-dag.py
[2026-04-26T15:12:50.958+0000] {processor.py:840} INFO - DAG(s) 'demo_diplom_dag' retrieved from /opt/airflow/dags/demo-dag.py
[2026-04-26T15:12:50.982+0000] {logging_mixin.py:188} INFO - [2026-04-26T15:12:50.982+0000] {dag.py:3036} INFO - Sync 1 DAGs
[2026-04-26T15:12:50.995+0000] {logging_mixin.py:188} INFO - [2026-04-26T15:12:50.995+0000] {dag.py:3823} INFO - Setting next_dagrun for demo_diplom_dag to 2026-04-26 00:00:00+00:00, run_after=2026-05-03 00:00:00+00:00
[2026-04-26T15:12:51.006+0000] {processor.py:183} INFO - Processing /opt/airflow/dags/demo-dag.py took 0.071 seconds
[2026-04-26T15:13:21.138+0000] {processor.py:161} INFO - Started process (PID=676) to work on /opt/airflow/dags/demo-dag.py
[2026-04-26T15:13:21.139+0000] {processor.py:830} INFO - Processing file /opt/airflow/dags/demo-dag.py for tasks to queue
[2026-04-26T15:13:21.139+0000] {logging_mixin.py:188} INFO - [2026-04-26T15:13:21.139+0000] {dagbag.py:538} INFO - Filling up the DagBag from /opt/airflow/dags/demo-dag.py
[2026-04-26T15:13:21.157+0000] {processor.py:840} INFO - DAG(s) 'demo_diplom_dag' retrieved from /opt/airflow/dags/demo-dag.py
[2026-04-26T15:13:21.179+0000] {logging_mixin.py:188} INFO - [2026-04-26T15:13:21.179+0000] {dag.py:3036} INFO - Sync 1 DAGs
[2026-04-26T15:13:21.195+0000] {logging_mixin.py:188} INFO - [2026-04-26T15:13:21.195+0000] {dag.py:3823} INFO - Setting next_dagrun for demo_diplom_dag to 2026-04-26 00:00:00+00:00, run_after=2026-05-03 00:00:00+00:00
[2026-04-26T15:13:21.208+0000] {processor.py:183} INFO - Processing /opt/airflow/dags/demo-dag.py took 0.072 seconds
[2026-04-26T15:13:51.268+0000] {processor.py:161} INFO - Started process (PID=681) to work on /opt/airflow/dags/demo-dag.py
[2026-04-26T15:13:51.269+0000] {processor.py:830} INFO - Processing file /opt/airflow/dags/demo-dag.py for tasks to queue
[2026-04-26T15:13:51.270+0000] {logging_mixin.py:188} INFO - [2026-04-26T15:13:51.270+0000] {dagbag.py:538} INFO - Filling up the DagBag from /opt/airflow/dags/demo-dag.py
[2026-04-26T15:13:51.288+0000] {processor.py:840} INFO - DAG(s) 'demo_diplom_dag' retrieved from /opt/airflow/dags/demo-dag.py
[2026-04-26T15:13:51.314+0000] {logging_mixin.py:188} INFO - [2026-04-26T15:13:51.314+0000] {dag.py:3036} INFO - Sync 1 DAGs
[2026-04-26T15:13:51.330+0000] {logging_mixin.py:188} INFO - [2026-04-26T15:13:51.330+0000] {dag.py:3823} INFO - Setting next_dagrun for demo_diplom_dag to 2026-04-26 00:00:00+00:00, run_after=2026-05-03 00:00:00+00:00
[2026-04-26T15:13:51.344+0000] {processor.py:183} INFO - Processing /opt/airflow/dags/demo-dag.py took 0.079 seconds
[2026-04-26T15:14:21.442+0000] {processor.py:161} INFO - Started process (PID=686) to work on /opt/airflow/dags/demo-dag.py
[2026-04-26T15:14:21.443+0000] {processor.py:830} INFO - Processing file /opt/airflow/dags/demo-dag.py for tasks to queue
[2026-04-26T15:14:21.444+0000] {logging_mixin.py:188} INFO - [2026-04-26T15:14:21.443+0000] {dagbag.py:538} INFO - Filling up the DagBag from /opt/airflow/dags/demo-dag.py
[2026-04-26T15:14:21.462+0000] {processor.py:840} INFO - DAG(s) 'demo_diplom_dag' retrieved from /opt/airflow/dags/demo-dag.py
[2026-04-26T15:14:21.485+0000] {logging_mixin.py:188} INFO - [2026-04-26T15:14:21.485+0000] {dag.py:3036} INFO - Sync 1 DAGs
[2026-04-26T15:14:21.501+0000] {logging_mixin.py:188} INFO - [2026-04-26T15:14:21.501+0000] {dag.py:3823} INFO - Setting next_dagrun for demo_diplom_dag to 2026-04-26 00:00:00+00:00, run_after=2026-05-03 00:00:00+00:00
[2026-04-26T15:14:21.513+0000] {processor.py:183} INFO - Processing /opt/airflow/dags/demo-dag.py took 0.073 seconds
[2026-04-26T15:14:51.582+0000] {processor.py:161} INFO - Started process (PID=691) to work on /opt/airflow/dags/demo-dag.py
[2026-04-26T15:14:51.583+0000] {processor.py:830} INFO - Processing file /opt/airflow/dags/demo-dag.py for tasks to queue
[2026-04-26T15:14:51.583+0000] {logging_mixin.py:188} INFO - [2026-04-26T15:14:51.583+0000] {dagbag.py:538} INFO - Filling up the DagBag from /opt/airflow/dags/demo-dag.py
[2026-04-26T15:14:51.600+0000] {processor.py:840} INFO - DAG(s) 'demo_diplom_dag' retrieved from /opt/airflow/dags/demo-dag.py
[2026-04-26T15:14:51.622+0000] {logging_mixin.py:188} INFO - [2026-04-26T15:14:51.622+0000] {dag.py:3036} INFO - Sync 1 DAGs
[2026-04-26T15:14:51.637+0000] {logging_mixin.py:188} INFO - [2026-04-26T15:14:51.637+0000] {dag.py:3823} INFO - Setting next_dagrun for demo_diplom_dag to 2026-04-26 00:00:00+00:00, run_after=2026-05-03 00:00:00+00:00
[2026-04-26T15:14:51.649+0000] {processor.py:183} INFO - Processing /opt/airflow/dags/demo-dag.py took 0.070 seconds
[2026-04-26T15:15:21.749+0000] {processor.py:161} INFO - Started process (PID=696) to work on /opt/airflow/dags/demo-dag.py
[2026-04-26T15:15:21.750+0000] {processor.py:830} INFO - Processing file /opt/airflow/dags/demo-dag.py for tasks to queue
[2026-04-26T15:15:21.751+0000] {logging_mixin.py:188} INFO - [2026-04-26T15:15:21.751+0000] {dagbag.py:538} INFO - Filling up the DagBag from /opt/airflow/dags/demo-dag.py
[2026-04-26T15:15:21.768+0000] {processor.py:840} INFO - DAG(s) 'demo_diplom_dag' retrieved from /opt/airflow/dags/demo-dag.py
[2026-04-26T15:15:21.788+0000] {logging_mixin.py:188} INFO - [2026-04-26T15:15:21.788+0000] {dag.py:3036} INFO - Sync 1 DAGs
[2026-04-26T15:15:21.803+0000] {logging_mixin.py:188} INFO - [2026-04-26T15:15:21.803+0000] {dag.py:3823} INFO - Setting next_dagrun for demo_diplom_dag to 2026-04-26 00:00:00+00:00, run_after=2026-05-03 00:00:00+00:00
[2026-04-26T15:15:21.816+0000] {processor.py:183} INFO - Processing /opt/airflow/dags/demo-dag.py took 0.069 seconds
[2026-04-26T15:15:51.879+0000] {processor.py:161} INFO - Started process (PID=701) to work on /opt/airflow/dags/demo-dag.py
[2026-04-26T15:15:51.880+0000] {processor.py:830} INFO - Processing file /opt/airflow/dags/demo-dag.py for tasks to queue
[2026-04-26T15:15:51.880+0000] {logging_mixin.py:188} INFO - [2026-04-26T15:15:51.880+0000] {dagbag.py:538} INFO - Filling up the DagBag from /opt/airflow/dags/demo-dag.py
[2026-04-26T15:15:51.898+0000] {processor.py:840} INFO - DAG(s) 'demo_diplom_dag' retrieved from /opt/airflow/dags/demo-dag.py
[2026-04-26T15:15:51.921+0000] {logging_mixin.py:188} INFO - [2026-04-26T15:15:51.920+0000] {dag.py:3036} INFO - Sync 1 DAGs
[2026-04-26T15:15:51.941+0000] {logging_mixin.py:188} INFO - [2026-04-26T15:15:51.940+0000] {dag.py:3823} INFO - Setting next_dagrun for demo_diplom_dag to 2026-04-26 00:00:00+00:00, run_after=2026-05-03 00:00:00+00:00
[2026-04-26T15:15:51.956+0000] {processor.py:183} INFO - Processing /opt/airflow/dags/demo-dag.py took 0.079 seconds
[2026-04-26T15:16:22.054+0000] {processor.py:161} INFO - Started process (PID=706) to work on /opt/airflow/dags/demo-dag.py
[2026-04-26T15:16:22.055+0000] {processor.py:830} INFO - Processing file /opt/airflow/dags/demo-dag.py for tasks to queue
[2026-04-26T15:16:22.056+0000] {logging_mixin.py:188} INFO - [2026-04-26T15:16:22.056+0000] {dagbag.py:538} INFO - Filling up the DagBag from /opt/airflow/dags/demo-dag.py
[2026-04-26T15:16:22.073+0000] {processor.py:840} INFO - DAG(s) 'demo_diplom_dag' retrieved from /opt/airflow/dags/demo-dag.py
[2026-04-26T15:16:22.094+0000] {logging_mixin.py:188} INFO - [2026-04-26T15:16:22.094+0000] {dag.py:3036} INFO - Sync 1 DAGs
[2026-04-26T15:16:22.109+0000] {logging_mixin.py:188} INFO - [2026-04-26T15:16:22.109+0000] {dag.py:3823} INFO - Setting next_dagrun for demo_diplom_dag to 2026-04-26 00:00:00+00:00, run_after=2026-05-03 00:00:00+00:00
[2026-04-26T15:16:22.121+0000] {processor.py:183} INFO - Processing /opt/airflow/dags/demo-dag.py took 0.069 seconds
[2026-04-26T15:16:52.194+0000] {processor.py:161} INFO - Started process (PID=711) to work on /opt/airflow/dags/demo-dag.py
[2026-04-26T15:16:52.195+0000] {processor.py:830} INFO - Processing file /opt/airflow/dags/demo-dag.py for tasks to queue
[2026-04-26T15:16:52.196+0000] {logging_mixin.py:188} INFO - [2026-04-26T15:16:52.195+0000] {dagbag.py:538} INFO - Filling up the DagBag from /opt/airflow/dags/demo-dag.py
[2026-04-26T15:16:52.217+0000] {processor.py:840} INFO - DAG(s) 'demo_diplom_dag' retrieved from /opt/airflow/dags/demo-dag.py
[2026-04-26T15:16:52.243+0000] {logging_mixin.py:188} INFO - [2026-04-26T15:16:52.243+0000] {dag.py:3036} INFO - Sync 1 DAGs
[2026-04-26T15:16:52.259+0000] {logging_mixin.py:188} INFO - [2026-04-26T15:16:52.258+0000] {dag.py:3823} INFO - Setting next_dagrun for demo_diplom_dag to 2026-04-26 00:00:00+00:00, run_after=2026-05-03 00:00:00+00:00
[2026-04-26T15:16:52.273+0000] {processor.py:183} INFO - Processing /opt/airflow/dags/demo-dag.py took 0.083 seconds
[2026-04-26T15:17:22.349+0000] {processor.py:161} INFO - Started process (PID=716) to work on /opt/airflow/dags/demo-dag.py
[2026-04-26T15:17:22.350+0000] {processor.py:830} INFO - Processing file /opt/airflow/dags/demo-dag.py for tasks to queue
[2026-04-26T15:17:22.351+0000] {logging_mixin.py:188} INFO - [2026-04-26T15:17:22.350+0000] {dagbag.py:538} INFO - Filling up the DagBag from /opt/airflow/dags/demo-dag.py
[2026-04-26T15:17:22.367+0000] {processor.py:840} INFO - DAG(s) 'demo_diplom_dag' retrieved from /opt/airflow/dags/demo-dag.py
[2026-04-26T15:17:22.386+0000] {logging_mixin.py:188} INFO - [2026-04-26T15:17:22.386+0000] {dag.py:3036} INFO - Sync 1 DAGs
[2026-04-26T15:17:22.403+0000] {logging_mixin.py:188} INFO - [2026-04-26T15:17:22.403+0000] {dag.py:3823} INFO - Setting next_dagrun for demo_diplom_dag to 2026-04-26 00:00:00+00:00, run_after=2026-05-03 00:00:00+00:00
[2026-04-26T15:17:22.416+0000] {processor.py:183} INFO - Processing /opt/airflow/dags/demo-dag.py took 0.069 seconds
[2026-04-26T15:17:52.499+0000] {processor.py:161} INFO - Started process (PID=721) to work on /opt/airflow/dags/demo-dag.py
[2026-04-26T15:17:52.499+0000] {processor.py:830} INFO - Processing file /opt/airflow/dags/demo-dag.py for tasks to queue
[2026-04-26T15:17:52.500+0000] {logging_mixin.py:188} INFO - [2026-04-26T15:17:52.500+0000] {dagbag.py:538} INFO - Filling up the DagBag from /opt/airflow/dags/demo-dag.py
[2026-04-26T15:17:52.521+0000] {processor.py:840} INFO - DAG(s) 'demo_diplom_dag' retrieved from /opt/airflow/dags/demo-dag.py
[2026-04-26T15:17:52.548+0000] {logging_mixin.py:188} INFO - [2026-04-26T15:17:52.547+0000] {dag.py:3036} INFO - Sync 1 DAGs
[2026-04-26T15:17:52.564+0000] {logging_mixin.py:188} INFO - [2026-04-26T15:17:52.564+0000] {dag.py:3823} INFO - Setting next_dagrun for demo_diplom_dag to 2026-04-26 00:00:00+00:00, run_after=2026-05-03 00:00:00+00:00
[2026-04-26T15:17:52.576+0000] {processor.py:183} INFO - Processing /opt/airflow/dags/demo-dag.py took 0.081 seconds
[2026-04-26T15:18:22.656+0000] {processor.py:161} INFO - Started process (PID=726) to work on /opt/airflow/dags/demo-dag.py
[2026-04-26T15:18:22.657+0000] {processor.py:830} INFO - Processing file /opt/airflow/dags/demo-dag.py for tasks to queue
[2026-04-26T15:18:22.658+0000] {logging_mixin.py:188} INFO - [2026-04-26T15:18:22.658+0000] {dagbag.py:538} INFO - Filling up the DagBag from /opt/airflow/dags/demo-dag.py
[2026-04-26T15:18:22.674+0000] {processor.py:840} INFO - DAG(s) 'demo_diplom_dag' retrieved from /opt/airflow/dags/demo-dag.py
[2026-04-26T15:18:22.695+0000] {logging_mixin.py:188} INFO - [2026-04-26T15:18:22.695+0000] {dag.py:3036} INFO - Sync 1 DAGs
[2026-04-26T15:18:22.712+0000] {logging_mixin.py:188} INFO - [2026-04-26T15:18:22.711+0000] {dag.py:3823} INFO - Setting next_dagrun for demo_diplom_dag to 2026-04-26 00:00:00+00:00, run_after=2026-05-03 00:00:00+00:00
[2026-04-26T15:18:22.725+0000] {processor.py:183} INFO - Processing /opt/airflow/dags/demo-dag.py took 0.072 seconds
[2026-04-26T15:18:52.806+0000] {processor.py:161} INFO - Started process (PID=731) to work on /opt/airflow/dags/demo-dag.py
[2026-04-26T15:18:52.807+0000] {processor.py:830} INFO - Processing file /opt/airflow/dags/demo-dag.py for tasks to queue
[2026-04-26T15:18:52.808+0000] {logging_mixin.py:188} INFO - [2026-04-26T15:18:52.807+0000] {dagbag.py:538} INFO - Filling up the DagBag from /opt/airflow/dags/demo-dag.py
[2026-04-26T15:18:52.828+0000] {processor.py:840} INFO - DAG(s) 'demo_diplom_dag' retrieved from /opt/airflow/dags/demo-dag.py
[2026-04-26T15:18:52.851+0000] {logging_mixin.py:188} INFO - [2026-04-26T15:18:52.851+0000] {dag.py:3036} INFO - Sync 1 DAGs
[2026-04-26T15:18:52.868+0000] {logging_mixin.py:188} INFO - [2026-04-26T15:18:52.868+0000] {dag.py:3823} INFO - Setting next_dagrun for demo_diplom_dag to 2026-04-26 00:00:00+00:00, run_after=2026-05-03 00:00:00+00:00
[2026-04-26T15:18:52.882+0000] {processor.py:183} INFO - Processing /opt/airflow/dags/demo-dag.py took 0.078 seconds
[2026-04-26T15:19:22.942+0000] {processor.py:161} INFO - Started process (PID=736) to work on /opt/airflow/dags/demo-dag.py
[2026-04-26T15:19:22.943+0000] {processor.py:830} INFO - Processing file /opt/airflow/dags/demo-dag.py for tasks to queue
[2026-04-26T15:19:22.944+0000] {logging_mixin.py:188} INFO - [2026-04-26T15:19:22.943+0000] {dagbag.py:538} INFO - Filling up the DagBag from /opt/airflow/dags/demo-dag.py
[2026-04-26T15:19:22.962+0000] {processor.py:840} INFO - DAG(s) 'demo_diplom_dag' retrieved from /opt/airflow/dags/demo-dag.py
[2026-04-26T15:19:22.986+0000] {logging_mixin.py:188} INFO - [2026-04-26T15:19:22.986+0000] {dag.py:3036} INFO - Sync 1 DAGs
[2026-04-26T15:19:23.001+0000] {logging_mixin.py:188} INFO - [2026-04-26T15:19:23.001+0000] {dag.py:3823} INFO - Setting next_dagrun for demo_diplom_dag to 2026-04-26 00:00:00+00:00, run_after=2026-05-03 00:00:00+00:00
[2026-04-26T15:19:23.013+0000] {processor.py:183} INFO - Processing /opt/airflow/dags/demo-dag.py took 0.074 seconds
[2026-04-26T15:19:53.104+0000] {processor.py:161} INFO - Started process (PID=741) to work on /opt/airflow/dags/demo-dag.py
[2026-04-26T15:19:53.105+0000] {processor.py:830} INFO - Processing file /opt/airflow/dags/demo-dag.py for tasks to queue
[2026-04-26T15:19:53.105+0000] {logging_mixin.py:188} INFO - [2026-04-26T15:19:53.105+0000] {dagbag.py:538} INFO - Filling up the DagBag from /opt/airflow/dags/demo-dag.py
[2026-04-26T15:19:53.123+0000] {processor.py:840} INFO - DAG(s) 'demo_diplom_dag' retrieved from /opt/airflow/dags/demo-dag.py
[2026-04-26T15:19:53.145+0000] {logging_mixin.py:188} INFO - [2026-04-26T15:19:53.145+0000] {dag.py:3036} INFO - Sync 1 DAGs
[2026-04-26T15:19:53.162+0000] {logging_mixin.py:188} INFO - [2026-04-26T15:19:53.162+0000] {dag.py:3823} INFO - Setting next_dagrun for demo_diplom_dag to 2026-04-26 00:00:00+00:00, run_after=2026-05-03 00:00:00+00:00
[2026-04-26T15:19:53.174+0000] {processor.py:183} INFO - Processing /opt/airflow/dags/demo-dag.py took 0.073 seconds
[2026-04-26T15:20:23.235+0000] {processor.py:161} INFO - Started process (PID=746) to work on /opt/airflow/dags/demo-dag.py
[2026-04-26T15:20:23.236+0000] {processor.py:830} INFO - Processing file /opt/airflow/dags/demo-dag.py for tasks to queue
[2026-04-26T15:20:23.237+0000] {logging_mixin.py:188} INFO - [2026-04-26T15:20:23.236+0000] {dagbag.py:538} INFO - Filling up the DagBag from /opt/airflow/dags/demo-dag.py
[2026-04-26T15:20:23.253+0000] {processor.py:840} INFO - DAG(s) 'demo_diplom_dag' retrieved from /opt/airflow/dags/demo-dag.py
[2026-04-26T15:20:23.276+0000] {logging_mixin.py:188} INFO - [2026-04-26T15:20:23.276+0000] {dag.py:3036} INFO - Sync 1 DAGs
[2026-04-26T15:20:23.291+0000] {logging_mixin.py:188} INFO - [2026-04-26T15:20:23.291+0000] {dag.py:3823} INFO - Setting next_dagrun for demo_diplom_dag to 2026-04-26 00:00:00+00:00, run_after=2026-05-03 00:00:00+00:00
[2026-04-26T15:20:23.304+0000] {processor.py:183} INFO - Processing /opt/airflow/dags/demo-dag.py took 0.071 seconds
[2026-04-26T15:20:53.401+0000] {processor.py:161} INFO - Started process (PID=751) to work on /opt/airflow/dags/demo-dag.py
[2026-04-26T15:20:53.402+0000] {processor.py:830} INFO - Processing file /opt/airflow/dags/demo-dag.py for tasks to queue
[2026-04-26T15:20:53.403+0000] {logging_mixin.py:188} INFO - [2026-04-26T15:20:53.403+0000] {dagbag.py:538} INFO - Filling up the DagBag from /opt/airflow/dags/demo-dag.py
[2026-04-26T15:20:53.418+0000] {processor.py:840} INFO - DAG(s) 'demo_diplom_dag' retrieved from /opt/airflow/dags/demo-dag.py
[2026-04-26T15:20:53.437+0000] {logging_mixin.py:188} INFO - [2026-04-26T15:20:53.437+0000] {dag.py:3036} INFO - Sync 1 DAGs
[2026-04-26T15:20:53.450+0000] {logging_mixin.py:188} INFO - [2026-04-26T15:20:53.450+0000] {dag.py:3823} INFO - Setting next_dagrun for demo_diplom_dag to 2026-04-26 00:00:00+00:00, run_after=2026-05-03 00:00:00+00:00
[2026-04-26T15:20:53.462+0000] {processor.py:183} INFO - Processing /opt/airflow/dags/demo-dag.py took 0.063 seconds
[2026-04-26T15:21:23.530+0000] {processor.py:161} INFO - Started process (PID=756) to work on /opt/airflow/dags/demo-dag.py
[2026-04-26T15:21:23.531+0000] {processor.py:830} INFO - Processing file /opt/airflow/dags/demo-dag.py for tasks to queue
[2026-04-26T15:21:23.532+0000] {logging_mixin.py:188} INFO - [2026-04-26T15:21:23.531+0000] {dagbag.py:538} INFO - Filling up the DagBag from /opt/airflow/dags/demo-dag.py
[2026-04-26T15:21:23.548+0000] {processor.py:840} INFO - DAG(s) 'demo_diplom_dag' retrieved from /opt/airflow/dags/demo-dag.py
[2026-04-26T15:21:23.569+0000] {logging_mixin.py:188} INFO - [2026-04-26T15:21:23.568+0000] {dag.py:3036} INFO - Sync 1 DAGs
[2026-04-26T15:21:23.583+0000] {logging_mixin.py:188} INFO - [2026-04-26T15:21:23.583+0000] {dag.py:3823} INFO - Setting next_dagrun for demo_diplom_dag to 2026-04-26 00:00:00+00:00, run_after=2026-05-03 00:00:00+00:00
[2026-04-26T15:21:23.595+0000] {processor.py:183} INFO - Processing /opt/airflow/dags/demo-dag.py took 0.068 seconds
[2026-04-26T15:21:53.691+0000] {processor.py:161} INFO - Started process (PID=761) to work on /opt/airflow/dags/demo-dag.py
[2026-04-26T15:21:53.691+0000] {processor.py:830} INFO - Processing file /opt/airflow/dags/demo-dag.py for tasks to queue
[2026-04-26T15:21:53.692+0000] {logging_mixin.py:188} INFO - [2026-04-26T15:21:53.692+0000] {dagbag.py:538} INFO - Filling up the DagBag from /opt/airflow/dags/demo-dag.py
[2026-04-26T15:21:53.708+0000] {processor.py:840} INFO - DAG(s) 'demo_diplom_dag' retrieved from /opt/airflow/dags/demo-dag.py
[2026-04-26T15:21:53.727+0000] {logging_mixin.py:188} INFO - [2026-04-26T15:21:53.727+0000] {dag.py:3036} INFO - Sync 1 DAGs
[2026-04-26T15:21:53.741+0000] {logging_mixin.py:188} INFO - [2026-04-26T15:21:53.741+0000] {dag.py:3823} INFO - Setting next_dagrun for demo_diplom_dag to 2026-04-26 00:00:00+00:00, run_after=2026-05-03 00:00:00+00:00
[2026-04-26T15:21:53.752+0000] {processor.py:183} INFO - Processing /opt/airflow/dags/demo-dag.py took 0.064 seconds
[2026-04-26T15:22:23.821+0000] {processor.py:161} INFO - Started process (PID=766) to work on /opt/airflow/dags/demo-dag.py
[2026-04-26T15:22:23.822+0000] {processor.py:830} INFO - Processing file /opt/airflow/dags/demo-dag.py for tasks to queue
[2026-04-26T15:22:23.823+0000] {logging_mixin.py:188} INFO - [2026-04-26T15:22:23.823+0000] {dagbag.py:538} INFO - Filling up the DagBag from /opt/airflow/dags/demo-dag.py
[2026-04-26T15:22:23.839+0000] {processor.py:840} INFO - DAG(s) 'demo_diplom_dag' retrieved from /opt/airflow/dags/demo-dag.py
[2026-04-26T15:22:23.859+0000] {logging_mixin.py:188} INFO - [2026-04-26T15:22:23.859+0000] {dag.py:3036} INFO - Sync 1 DAGs
[2026-04-26T15:22:23.872+0000] {logging_mixin.py:188} INFO - [2026-04-26T15:22:23.872+0000] {dag.py:3823} INFO - Setting next_dagrun for demo_diplom_dag to 2026-04-26 00:00:00+00:00, run_after=2026-05-03 00:00:00+00:00
[2026-04-26T15:22:23.883+0000] {processor.py:183} INFO - Processing /opt/airflow/dags/demo-dag.py took 0.064 seconds
[2026-04-26T15:22:53.986+0000] {processor.py:161} INFO - Started process (PID=771) to work on /opt/airflow/dags/demo-dag.py
[2026-04-26T15:22:53.987+0000] {processor.py:830} INFO - Processing file /opt/airflow/dags/demo-dag.py for tasks to queue
[2026-04-26T15:22:53.987+0000] {logging_mixin.py:188} INFO - [2026-04-26T15:22:53.987+0000] {dagbag.py:538} INFO - Filling up the DagBag from /opt/airflow/dags/demo-dag.py
[2026-04-26T15:22:54.006+0000] {processor.py:840} INFO - DAG(s) 'demo_diplom_dag' retrieved from /opt/airflow/dags/demo-dag.py
[2026-04-26T15:22:54.028+0000] {logging_mixin.py:188} INFO - [2026-04-26T15:22:54.028+0000] {dag.py:3036} INFO - Sync 1 DAGs
[2026-04-26T15:22:54.044+0000] {logging_mixin.py:188} INFO - [2026-04-26T15:22:54.044+0000] {dag.py:3823} INFO - Setting next_dagrun for demo_diplom_dag to 2026-04-26 00:00:00+00:00, run_after=2026-05-03 00:00:00+00:00
[2026-04-26T15:22:54.057+0000] {processor.py:183} INFO - Processing /opt/airflow/dags/demo-dag.py took 0.074 seconds
[2026-04-26T15:23:24.132+0000] {processor.py:161} INFO - Started process (PID=776) to work on /opt/airflow/dags/demo-dag.py
[2026-04-26T15:23:24.133+0000] {processor.py:830} INFO - Processing file /opt/airflow/dags/demo-dag.py for tasks to queue
[2026-04-26T15:23:24.134+0000] {logging_mixin.py:188} INFO - [2026-04-26T15:23:24.133+0000] {dagbag.py:538} INFO - Filling up the DagBag from /opt/airflow/dags/demo-dag.py
[2026-04-26T15:23:24.150+0000] {processor.py:840} INFO - DAG(s) 'demo_diplom_dag' retrieved from /opt/airflow/dags/demo-dag.py
[2026-04-26T15:23:24.173+0000] {logging_mixin.py:188} INFO - [2026-04-26T15:23:24.172+0000] {dag.py:3036} INFO - Sync 1 DAGs
[2026-04-26T15:23:24.189+0000] {logging_mixin.py:188} INFO - [2026-04-26T15:23:24.189+0000] {dag.py:3823} INFO - Setting next_dagrun for demo_diplom_dag to 2026-04-26 00:00:00+00:00, run_after=2026-05-03 00:00:00+00:00
[2026-04-26T15:23:24.204+0000] {processor.py:183} INFO - Processing /opt/airflow/dags/demo-dag.py took 0.074 seconds
[2026-04-26T15:23:54.280+0000] {processor.py:161} INFO - Started process (PID=781) to work on /opt/airflow/dags/demo-dag.py
[2026-04-26T15:23:54.281+0000] {processor.py:830} INFO - Processing file /opt/airflow/dags/demo-dag.py for tasks to queue
[2026-04-26T15:23:54.282+0000] {logging_mixin.py:188} INFO - [2026-04-26T15:23:54.281+0000] {dagbag.py:538} INFO - Filling up the DagBag from /opt/airflow/dags/demo-dag.py
[2026-04-26T15:23:54.297+0000] {processor.py:840} INFO - DAG(s) 'demo_diplom_dag' retrieved from /opt/airflow/dags/demo-dag.py
[2026-04-26T15:23:54.319+0000] {logging_mixin.py:188} INFO - [2026-04-26T15:23:54.319+0000] {dag.py:3036} INFO - Sync 1 DAGs
[2026-04-26T15:23:54.336+0000] {logging_mixin.py:188} INFO - [2026-04-26T15:23:54.336+0000] {dag.py:3823} INFO - Setting next_dagrun for demo_diplom_dag to 2026-04-26 00:00:00+00:00, run_after=2026-05-03 00:00:00+00:00
[2026-04-26T15:23:54.350+0000] {processor.py:183} INFO - Processing /opt/airflow/dags/demo-dag.py took 0.073 seconds
[2026-04-26T15:24:24.428+0000] {processor.py:161} INFO - Started process (PID=786) to work on /opt/airflow/dags/demo-dag.py
[2026-04-26T15:24:24.428+0000] {processor.py:830} INFO - Processing file /opt/airflow/dags/demo-dag.py for tasks to queue
[2026-04-26T15:24:24.429+0000] {logging_mixin.py:188} INFO - [2026-04-26T15:24:24.429+0000] {dagbag.py:538} INFO - Filling up the DagBag from /opt/airflow/dags/demo-dag.py
[2026-04-26T15:24:24.448+0000] {processor.py:840} INFO - DAG(s) 'demo_diplom_dag' retrieved from /opt/airflow/dags/demo-dag.py
[2026-04-26T15:24:24.470+0000] {logging_mixin.py:188} INFO - [2026-04-26T15:24:24.470+0000] {dag.py:3036} INFO - Sync 1 DAGs
[2026-04-26T15:24:24.486+0000] {logging_mixin.py:188} INFO - [2026-04-26T15:24:24.485+0000] {dag.py:3823} INFO - Setting next_dagrun for demo_diplom_dag to 2026-04-26 00:00:00+00:00, run_after=2026-05-03 00:00:00+00:00
[2026-04-26T15:24:24.499+0000] {processor.py:183} INFO - Processing /opt/airflow/dags/demo-dag.py took 0.074 seconds
[2026-04-26T15:24:54.575+0000] {processor.py:161} INFO - Started process (PID=791) to work on /opt/airflow/dags/demo-dag.py
[2026-04-26T15:24:54.575+0000] {processor.py:830} INFO - Processing file /opt/airflow/dags/demo-dag.py for tasks to queue
[2026-04-26T15:24:54.576+0000] {logging_mixin.py:188} INFO - [2026-04-26T15:24:54.576+0000] {dagbag.py:538} INFO - Filling up the DagBag from /opt/airflow/dags/demo-dag.py
[2026-04-26T15:24:54.592+0000] {processor.py:840} INFO - DAG(s) 'demo_diplom_dag' retrieved from /opt/airflow/dags/demo-dag.py
[2026-04-26T15:24:54.612+0000] {logging_mixin.py:188} INFO - [2026-04-26T15:24:54.612+0000] {dag.py:3036} INFO - Sync 1 DAGs
[2026-04-26T15:24:54.628+0000] {logging_mixin.py:188} INFO - [2026-04-26T15:24:54.628+0000] {dag.py:3823} INFO - Setting next_dagrun for demo_diplom_dag to 2026-04-26 00:00:00+00:00, run_after=2026-05-03 00:00:00+00:00
[2026-04-26T15:24:54.642+0000] {processor.py:183} INFO - Processing /opt/airflow/dags/demo-dag.py took 0.069 seconds
