[2026-04-26T11:55:32.296+0000] {manager.py:469} INFO - Processing files using up to 2 processes at a time 
[2026-04-26T11:55:32.297+0000] {manager.py:470} INFO - Process each file at most once every 30 seconds
[2026-04-26T11:55:32.297+0000] {manager.py:471} INFO - Checking for new files in /opt/airflow/dags every 300 seconds
[2026-04-26T11:55:32.298+0000] {manager.py:738} INFO - Searching for files in /opt/airflow/dags
[2026-04-26T11:55:32.300+0000] {manager.py:741} INFO - There are 0 files in /opt/airflow/dags
[2026-04-26T13:22:57.184+0000] {manager.py:469} INFO - Processing files using up to 2 processes at a time 
[2026-04-26T13:22:57.193+0000] {manager.py:470} INFO - Process each file at most once every 30 seconds
[2026-04-26T13:22:57.193+0000] {manager.py:471} INFO - Checking for new files in /opt/airflow/dags every 300 seconds
[2026-04-26T13:22:57.194+0000] {manager.py:738} INFO - Searching for files in /opt/airflow/dags
[2026-04-26T13:22:57.196+0000] {manager.py:741} INFO - There are 0 files in /opt/airflow/dags
[2026-04-26T13:27:03.651+0000] {manager.py:469} INFO - Processing files using up to 2 processes at a time 
[2026-04-26T13:27:03.652+0000] {manager.py:470} INFO - Process each file at most once every 30 seconds
[2026-04-26T13:27:03.652+0000] {manager.py:471} INFO - Checking for new files in /opt/airflow/dags every 300 seconds
[2026-04-26T13:27:03.653+0000] {manager.py:738} INFO - Searching for files in /opt/airflow/dags
[2026-04-26T13:27:03.655+0000] {manager.py:741} INFO - There are 0 files in /opt/airflow/dags
[2026-04-26T13:32:04.631+0000] {manager.py:738} INFO - Searching for files in /opt/airflow/dags
[2026-04-26T13:32:04.633+0000] {manager.py:741} INFO - There are 0 files in /opt/airflow/dags
[2026-04-26T13:35:16.304+0000] {manager.py:469} INFO - Processing files using up to 2 processes at a time 
[2026-04-26T13:35:16.305+0000] {manager.py:470} INFO - Process each file at most once every 30 seconds
[2026-04-26T13:35:16.305+0000] {manager.py:471} INFO - Checking for new files in /opt/airflow/dags every 300 seconds
[2026-04-26T13:35:16.306+0000] {manager.py:738} INFO - Searching for files in /opt/airflow/dags
[2026-04-26T13:35:16.308+0000] {manager.py:741} INFO - There are 0 files in /opt/airflow/dags
[2026-04-26T13:40:17.307+0000] {manager.py:738} INFO - Searching for files in /opt/airflow/dags
[2026-04-26T13:40:17.309+0000] {manager.py:741} INFO - There are 0 files in /opt/airflow/dags
[2026-04-26T13:44:14.698+0000] {manager.py:469} INFO - Processing files using up to 2 processes at a time 
[2026-04-26T13:44:14.698+0000] {manager.py:470} INFO - Process each file at most once every 30 seconds
[2026-04-26T13:44:14.699+0000] {manager.py:471} INFO - Checking for new files in /opt/airflow/dags every 300 seconds
[2026-04-26T13:44:14.699+0000] {manager.py:738} INFO - Searching for files in /opt/airflow/dags
[2026-04-26T13:44:14.701+0000] {manager.py:741} INFO - There are 0 files in /opt/airflow/dags
[2026-04-26T13:49:14.705+0000] {manager.py:738} INFO - Searching for files in /opt/airflow/dags
[2026-04-26T13:49:14.707+0000] {manager.py:741} INFO - There are 0 files in /opt/airflow/dags
[2026-04-26T13:51:47.709+0000] {manager.py:469} INFO - Processing files using up to 2 processes at a time 
[2026-04-26T13:51:47.709+0000] {manager.py:470} INFO - Process each file at most once every 30 seconds
[2026-04-26T13:51:47.709+0000] {manager.py:471} INFO - Checking for new files in /opt/airflow/dags every 300 seconds
[2026-04-26T13:51:47.710+0000] {manager.py:738} INFO - Searching for files in /opt/airflow/dags
[2026-04-26T13:51:47.724+0000] {manager.py:741} INFO - There are 1 files in /opt/airflow/dags
[2026-04-26T13:51:47.780+0000] {manager.py:879} INFO - 
================================================================================
DAG File Processing Stats

File Path                        PID  Runtime      # DAGs    # Errors  Last Runtime    Last Run
-----------------------------  -----  ---------  --------  ----------  --------------  ----------
/opt/airflow/dags/demo-dag.py    208  0.03s             0           0
================================================================================
[2026-04-26T13:52:17.901+0000] {manager.py:879} INFO - 
================================================================================
DAG File Processing Stats

File Path                        PID  Runtime      # DAGs    # Errors  Last Runtime    Last Run
-----------------------------  -----  ---------  --------  ----------  --------------  -------------------
/opt/airflow/dags/demo-dag.py    230  0.00s             1           0  0.11s           2026-04-26T13:51:47
================================================================================
[2026-04-26T13:52:48.063+0000] {manager.py:879} INFO - 
================================================================================
DAG File Processing Stats

File Path                        PID  Runtime      # DAGs    # Errors  Last Runtime    Last Run
-----------------------------  -----  ---------  --------  ----------  --------------  -------------------
/opt/airflow/dags/demo-dag.py    235  0.00s             1           0  0.15s           2026-04-26T13:52:18
================================================================================
[2026-04-26T13:53:18.260+0000] {manager.py:879} INFO - 
================================================================================
DAG File Processing Stats

File Path                        PID  Runtime      # DAGs    # Errors  Last Runtime    Last Run
-----------------------------  -----  ---------  --------  ----------  --------------  -------------------
/opt/airflow/dags/demo-dag.py    240  0.00s             1           0  0.09s           2026-04-26T13:52:48
================================================================================
[2026-04-26T13:53:48.390+0000] {manager.py:879} INFO - 
================================================================================
DAG File Processing Stats

File Path                        PID  Runtime      # DAGs    # Errors  Last Runtime    Last Run
-----------------------------  -----  ---------  --------  ----------  --------------  -------------------
/opt/airflow/dags/demo-dag.py    245  0.00s             1           0  0.10s           2026-04-26T13:53:18
================================================================================
[2026-04-26T13:54:18.562+0000] {manager.py:879} INFO - 
================================================================================
DAG File Processing Stats

File Path                        PID  Runtime      # DAGs    # Errors  Last Runtime    Last Run
-----------------------------  -----  ---------  --------  ----------  --------------  -------------------
/opt/airflow/dags/demo-dag.py    250  0.00s             1           0  0.09s           2026-04-26T13:53:48
================================================================================
[2026-04-26T13:54:48.702+0000] {manager.py:879} INFO - 
================================================================================
DAG File Processing Stats

File Path                        PID  Runtime      # DAGs    # Errors  Last Runtime    Last Run
-----------------------------  -----  ---------  --------  ----------  --------------  -------------------
/opt/airflow/dags/demo-dag.py    255  0.00s             1           0  0.10s           2026-04-26T13:54:18
================================================================================
[2026-04-26T13:55:18.870+0000] {manager.py:879} INFO - 
================================================================================
DAG File Processing Stats

File Path                        PID  Runtime      # DAGs    # Errors  Last Runtime    Last Run
-----------------------------  -----  ---------  --------  ----------  --------------  -------------------
/opt/airflow/dags/demo-dag.py    260  0.01s             1           0  0.09s           2026-04-26T13:54:48
================================================================================
[2026-04-26T13:55:48.995+0000] {manager.py:879} INFO - 
================================================================================
DAG File Processing Stats

File Path                        PID  Runtime      # DAGs    # Errors  Last Runtime    Last Run
-----------------------------  -----  ---------  --------  ----------  --------------  -------------------
/opt/airflow/dags/demo-dag.py    265  0.00s             1           0  0.10s           2026-04-26T13:55:18
================================================================================
[2026-04-26T13:56:19.176+0000] {manager.py:879} INFO - 
================================================================================
DAG File Processing Stats

File Path                        PID  Runtime      # DAGs    # Errors  Last Runtime    Last Run
-----------------------------  -----  ---------  --------  ----------  --------------  -------------------
/opt/airflow/dags/demo-dag.py    270  0.00s             1           0  0.10s           2026-04-26T13:55:49
================================================================================
[2026-04-26T13:56:48.285+0000] {manager.py:738} INFO - Searching for files in /opt/airflow/dags
[2026-04-26T13:56:48.297+0000] {manager.py:741} INFO - There are 1 files in /opt/airflow/dags
[2026-04-26T13:56:49.316+0000] {manager.py:879} INFO - 
================================================================================
DAG File Processing Stats

File Path                        PID  Runtime      # DAGs    # Errors  Last Runtime    Last Run
-----------------------------  -----  ---------  --------  ----------  --------------  -------------------
/opt/airflow/dags/demo-dag.py    275  0.00s             1           0  0.10s           2026-04-26T13:56:19
================================================================================
[2026-04-26T13:57:19.476+0000] {manager.py:879} INFO - 
================================================================================
DAG File Processing Stats

File Path                        PID  Runtime      # DAGs    # Errors  Last Runtime    Last Run
-----------------------------  -----  ---------  --------  ----------  --------------  -------------------
/opt/airflow/dags/demo-dag.py    280  0.00s             1           0  0.09s           2026-04-26T13:56:49
================================================================================
[2026-04-26T13:57:49.609+0000] {manager.py:879} INFO - 
================================================================================
DAG File Processing Stats

File Path                        PID  Runtime      # DAGs    # Errors  Last Runtime    Last Run
-----------------------------  -----  ---------  --------  ----------  --------------  -------------------
/opt/airflow/dags/demo-dag.py    285  0.00s             1           0  0.09s           2026-04-26T13:57:19
================================================================================
[2026-04-26T13:58:19.775+0000] {manager.py:879} INFO - 
================================================================================
DAG File Processing Stats

File Path                        PID  Runtime      # DAGs    # Errors  Last Runtime    Last Run
-----------------------------  -----  ---------  --------  ----------  --------------  -------------------
/opt/airflow/dags/demo-dag.py    290  0.00s             1           0  0.09s           2026-04-26T13:57:49
================================================================================
[2026-04-26T13:58:49.908+0000] {manager.py:879} INFO - 
================================================================================
DAG File Processing Stats

File Path                        PID  Runtime      # DAGs    # Errors  Last Runtime    Last Run
-----------------------------  -----  ---------  --------  ----------  --------------  -------------------
/opt/airflow/dags/demo-dag.py    295  0.00s             1           0  0.09s           2026-04-26T13:58:19
================================================================================
[2026-04-26T13:59:20.071+0000] {manager.py:879} INFO - 
================================================================================
DAG File Processing Stats

File Path                        PID  Runtime      # DAGs    # Errors  Last Runtime    Last Run
-----------------------------  -----  ---------  --------  ----------  --------------  -------------------
/opt/airflow/dags/demo-dag.py    300  0.00s             1           0  0.09s           2026-04-26T13:58:49
================================================================================
[2026-04-26T13:59:50.202+0000] {manager.py:879} INFO - 
================================================================================
DAG File Processing Stats

File Path                        PID  Runtime      # DAGs    # Errors  Last Runtime    Last Run
-----------------------------  -----  ---------  --------  ----------  --------------  -------------------
/opt/airflow/dags/demo-dag.py    305  0.01s             1           0  0.09s           2026-04-26T13:59:20
================================================================================
[2026-04-26T14:00:20.371+0000] {manager.py:879} INFO - 
================================================================================
DAG File Processing Stats

File Path                        PID  Runtime      # DAGs    # Errors  Last Runtime    Last Run
-----------------------------  -----  ---------  --------  ----------  --------------  -------------------
/opt/airflow/dags/demo-dag.py    310  0.00s             1           0  0.13s           2026-04-26T13:59:50
================================================================================
[2026-04-26T14:00:50.549+0000] {manager.py:879} INFO - 
================================================================================
DAG File Processing Stats

File Path                        PID  Runtime      # DAGs    # Errors  Last Runtime    Last Run
-----------------------------  -----  ---------  --------  ----------  --------------  -------------------
/opt/airflow/dags/demo-dag.py    315  0.00s             1           0  0.11s           2026-04-26T14:00:20
================================================================================
[2026-04-26T14:01:20.672+0000] {manager.py:879} INFO - 
================================================================================
DAG File Processing Stats

File Path                        PID  Runtime      # DAGs    # Errors  Last Runtime    Last Run
-----------------------------  -----  ---------  --------  ----------  --------------  -------------------
/opt/airflow/dags/demo-dag.py    320  0.00s             1           0  0.10s           2026-04-26T14:00:50
================================================================================
[2026-04-26T14:01:48.828+0000] {manager.py:738} INFO - Searching for files in /opt/airflow/dags
[2026-04-26T14:01:48.839+0000] {manager.py:741} INFO - There are 1 files in /opt/airflow/dags
[2026-04-26T14:01:50.864+0000] {manager.py:879} INFO - 
================================================================================
DAG File Processing Stats

File Path                        PID  Runtime      # DAGs    # Errors  Last Runtime    Last Run
-----------------------------  -----  ---------  --------  ----------  --------------  -------------------
/opt/airflow/dags/demo-dag.py    325  0.00s             1           0  0.10s           2026-04-26T14:01:20
================================================================================
[2026-04-26T14:02:20.990+0000] {manager.py:879} INFO - 
================================================================================
DAG File Processing Stats

File Path                        PID  Runtime      # DAGs    # Errors  Last Runtime    Last Run
-----------------------------  -----  ---------  --------  ----------  --------------  -------------------
/opt/airflow/dags/demo-dag.py    330  0.00s             1           0  0.10s           2026-04-26T14:01:50
================================================================================
[2026-04-26T14:02:51.173+0000] {manager.py:879} INFO - 
================================================================================
DAG File Processing Stats

File Path                        PID  Runtime      # DAGs    # Errors  Last Runtime    Last Run
-----------------------------  -----  ---------  --------  ----------  --------------  -------------------
/opt/airflow/dags/demo-dag.py    335  0.00s             1           0  0.10s           2026-04-26T14:02:21
================================================================================
[2026-04-26T14:03:21.301+0000] {manager.py:879} INFO - 
================================================================================
DAG File Processing Stats

File Path                        PID  Runtime      # DAGs    # Errors  Last Runtime    Last Run
-----------------------------  -----  ---------  --------  ----------  --------------  -------------------
/opt/airflow/dags/demo-dag.py    340  0.00s             1           0  0.10s           2026-04-26T14:02:51
================================================================================
[2026-04-26T14:03:51.480+0000] {manager.py:879} INFO - 
================================================================================
DAG File Processing Stats

File Path                        PID  Runtime      # DAGs    # Errors  Last Runtime    Last Run
-----------------------------  -----  ---------  --------  ----------  --------------  -------------------
/opt/airflow/dags/demo-dag.py    345  0.00s             1           0  0.10s           2026-04-26T14:03:21
================================================================================
[2026-04-26T14:04:21.607+0000] {manager.py:879} INFO - 
================================================================================
DAG File Processing Stats

File Path                        PID  Runtime      # DAGs    # Errors  Last Runtime    Last Run
-----------------------------  -----  ---------  --------  ----------  --------------  -------------------
/opt/airflow/dags/demo-dag.py    350  0.00s             1           0  0.09s           2026-04-26T14:03:51
================================================================================
[2026-04-26T14:04:51.786+0000] {manager.py:879} INFO - 
================================================================================
DAG File Processing Stats

File Path                        PID  Runtime      # DAGs    # Errors  Last Runtime    Last Run
-----------------------------  -----  ---------  --------  ----------  --------------  -------------------
/opt/airflow/dags/demo-dag.py    355  0.00s             1           0  0.09s           2026-04-26T14:04:21
================================================================================
[2026-04-26T14:05:21.917+0000] {manager.py:879} INFO - 
================================================================================
DAG File Processing Stats

File Path                        PID  Runtime      # DAGs    # Errors  Last Runtime    Last Run
-----------------------------  -----  ---------  --------  ----------  --------------  -------------------
/opt/airflow/dags/demo-dag.py    360  0.01s             1           0  0.10s           2026-04-26T14:04:51
================================================================================
[2026-04-26T14:05:52.094+0000] {manager.py:879} INFO - 
================================================================================
DAG File Processing Stats

File Path                        PID  Runtime      # DAGs    # Errors  Last Runtime    Last Run
-----------------------------  -----  ---------  --------  ----------  --------------  -------------------
/opt/airflow/dags/demo-dag.py    365  0.00s             1           0  0.12s           2026-04-26T14:05:22
================================================================================
[2026-04-26T14:06:22.236+0000] {manager.py:879} INFO - 
================================================================================
DAG File Processing Stats

File Path                        PID  Runtime      # DAGs    # Errors  Last Runtime    Last Run
-----------------------------  -----  ---------  --------  ----------  --------------  -------------------
/opt/airflow/dags/demo-dag.py    370  0.00s             1           0  0.09s           2026-04-26T14:05:52
================================================================================
[2026-04-26T14:06:49.360+0000] {manager.py:738} INFO - Searching for files in /opt/airflow/dags
[2026-04-26T14:06:49.373+0000] {manager.py:741} INFO - There are 1 files in /opt/airflow/dags
[2026-04-26T14:06:52.402+0000] {manager.py:879} INFO - 
================================================================================
DAG File Processing Stats

File Path                        PID  Runtime      # DAGs    # Errors  Last Runtime    Last Run
-----------------------------  -----  ---------  --------  ----------  --------------  -------------------
/opt/airflow/dags/demo-dag.py    375  0.00s             1           0  0.10s           2026-04-26T14:06:22
================================================================================
[2026-04-26T14:07:22.536+0000] {manager.py:879} INFO - 
================================================================================
DAG File Processing Stats

File Path                        PID  Runtime      # DAGs    # Errors  Last Runtime    Last Run
-----------------------------  -----  ---------  --------  ----------  --------------  -------------------
/opt/airflow/dags/demo-dag.py    380  0.00s             1           0  0.10s           2026-04-26T14:06:52
================================================================================
[2026-04-26T14:07:52.705+0000] {manager.py:879} INFO - 
================================================================================
DAG File Processing Stats

File Path                        PID  Runtime      # DAGs    # Errors  Last Runtime    Last Run
-----------------------------  -----  ---------  --------  ----------  --------------  -------------------
/opt/airflow/dags/demo-dag.py    385  0.00s             1           0  0.10s           2026-04-26T14:07:22
================================================================================
[2026-04-26T14:08:22.841+0000] {manager.py:879} INFO - 
================================================================================
DAG File Processing Stats

File Path                        PID  Runtime      # DAGs    # Errors  Last Runtime    Last Run
-----------------------------  -----  ---------  --------  ----------  --------------  -------------------
/opt/airflow/dags/demo-dag.py    390  0.00s             1           0  0.10s           2026-04-26T14:07:52
================================================================================
[2026-04-26T14:08:53.005+0000] {manager.py:879} INFO - 
================================================================================
DAG File Processing Stats

File Path                        PID  Runtime      # DAGs    # Errors  Last Runtime    Last Run
-----------------------------  -----  ---------  --------  ----------  --------------  -------------------
/opt/airflow/dags/demo-dag.py    395  0.00s             1           0  0.09s           2026-04-26T14:08:22
================================================================================
[2026-04-26T14:09:23.140+0000] {manager.py:879} INFO - 
================================================================================
DAG File Processing Stats

File Path                        PID  Runtime      # DAGs    # Errors  Last Runtime    Last Run
-----------------------------  -----  ---------  --------  ----------  --------------  -------------------
/opt/airflow/dags/demo-dag.py    400  0.00s             1           0  0.09s           2026-04-26T14:08:53
================================================================================
[2026-04-26T14:09:53.317+0000] {manager.py:879} INFO - 
================================================================================
DAG File Processing Stats

File Path                        PID  Runtime      # DAGs    # Errors  Last Runtime    Last Run
-----------------------------  -----  ---------  --------  ----------  --------------  -------------------
/opt/airflow/dags/demo-dag.py    405  0.00s             1           0  0.10s           2026-04-26T14:09:23
================================================================================
[2026-04-26T14:10:23.443+0000] {manager.py:879} INFO - 
================================================================================
DAG File Processing Stats

File Path                        PID  Runtime      # DAGs    # Errors  Last Runtime    Last Run
-----------------------------  -----  ---------  --------  ----------  --------------  -------------------
/opt/airflow/dags/demo-dag.py    410  0.00s             1           0  0.09s           2026-04-26T14:09:53
================================================================================
[2026-04-26T14:10:53.613+0000] {manager.py:879} INFO - 
================================================================================
DAG File Processing Stats

File Path                        PID  Runtime      # DAGs    # Errors  Last Runtime    Last Run
-----------------------------  -----  ---------  --------  ----------  --------------  -------------------
/opt/airflow/dags/demo-dag.py    415  0.00s             1           0  0.10s           2026-04-26T14:10:23
================================================================================
[2026-04-26T14:11:23.739+0000] {manager.py:879} INFO - 
================================================================================
DAG File Processing Stats

File Path                        PID  Runtime      # DAGs    # Errors  Last Runtime    Last Run
-----------------------------  -----  ---------  --------  ----------  --------------  -------------------
/opt/airflow/dags/demo-dag.py    420  0.00s             1           0  0.09s           2026-04-26T14:10:53
================================================================================
[2026-04-26T14:11:49.880+0000] {manager.py:738} INFO - Searching for files in /opt/airflow/dags
[2026-04-26T14:11:49.893+0000] {manager.py:741} INFO - There are 1 files in /opt/airflow/dags
[2026-04-26T14:11:53.925+0000] {manager.py:879} INFO - 
================================================================================
DAG File Processing Stats

File Path                        PID  Runtime      # DAGs    # Errors  Last Runtime    Last Run
-----------------------------  -----  ---------  --------  ----------  --------------  -------------------
/opt/airflow/dags/demo-dag.py    425  0.00s             1           0  0.09s           2026-04-26T14:11:23
================================================================================
[2026-04-26T14:12:24.051+0000] {manager.py:879} INFO - 
================================================================================
DAG File Processing Stats

File Path                        PID  Runtime      # DAGs    # Errors  Last Runtime    Last Run
-----------------------------  -----  ---------  --------  ----------  --------------  -------------------
/opt/airflow/dags/demo-dag.py    430  0.00s             1           0  0.09s           2026-04-26T14:11:54
================================================================================
[2026-04-26T14:12:54.215+0000] {manager.py:879} INFO - 
================================================================================
DAG File Processing Stats

File Path                        PID  Runtime      # DAGs    # Errors  Last Runtime    Last Run
-----------------------------  -----  ---------  --------  ----------  --------------  -------------------
/opt/airflow/dags/demo-dag.py    435  0.00s             1           0  0.09s           2026-04-26T14:12:24
================================================================================
[2026-04-26T14:13:24.352+0000] {manager.py:879} INFO - 
================================================================================
DAG File Processing Stats

File Path                        PID  Runtime      # DAGs    # Errors  Last Runtime    Last Run
-----------------------------  -----  ---------  --------  ----------  --------------  -------------------
/opt/airflow/dags/demo-dag.py    440  0.00s             1           0  0.08s           2026-04-26T14:12:54
================================================================================
[2026-04-26T14:13:54.504+0000] {manager.py:879} INFO - 
================================================================================
DAG File Processing Stats

File Path                        PID  Runtime      # DAGs    # Errors  Last Runtime    Last Run
-----------------------------  -----  ---------  --------  ----------  --------------  -------------------
/opt/airflow/dags/demo-dag.py    445  0.00s             1           0  0.09s           2026-04-26T14:13:24
================================================================================
[2026-04-26T14:14:24.654+0000] {manager.py:879} INFO - 
================================================================================
DAG File Processing Stats

File Path                        PID  Runtime      # DAGs    # Errors  Last Runtime    Last Run
-----------------------------  -----  ---------  --------  ----------  --------------  -------------------
/opt/airflow/dags/demo-dag.py    450  0.00s             1           0  0.09s           2026-04-26T14:13:54
================================================================================
[2026-04-26T14:14:54.799+0000] {manager.py:879} INFO - 
================================================================================
DAG File Processing Stats

File Path                        PID  Runtime      # DAGs    # Errors  Last Runtime    Last Run
-----------------------------  -----  ---------  --------  ----------  --------------  -------------------
/opt/airflow/dags/demo-dag.py    455  0.00s             1           0  0.09s           2026-04-26T14:14:24
================================================================================
[2026-04-26T14:15:24.940+0000] {manager.py:879} INFO - 
================================================================================
DAG File Processing Stats

File Path                        PID  Runtime      # DAGs    # Errors  Last Runtime    Last Run
-----------------------------  -----  ---------  --------  ----------  --------------  -------------------
/opt/airflow/dags/demo-dag.py    460  0.00s             1           0  0.10s           2026-04-26T14:14:54
================================================================================
[2026-04-26T14:15:55.100+0000] {manager.py:879} INFO - 
================================================================================
DAG File Processing Stats

File Path                        PID  Runtime      # DAGs    # Errors  Last Runtime    Last Run
-----------------------------  -----  ---------  --------  ----------  --------------  -------------------
/opt/airflow/dags/demo-dag.py    465  0.00s             1           0  0.09s           2026-04-26T14:15:25
================================================================================
[2026-04-26T14:16:25.229+0000] {manager.py:879} INFO - 
================================================================================
DAG File Processing Stats

File Path                        PID  Runtime      # DAGs    # Errors  Last Runtime    Last Run
-----------------------------  -----  ---------  --------  ----------  --------------  -------------------
/opt/airflow/dags/demo-dag.py    470  0.00s             1           0  0.09s           2026-04-26T14:15:55
================================================================================
[2026-04-26T14:16:50.362+0000] {manager.py:738} INFO - Searching for files in /opt/airflow/dags
[2026-04-26T14:16:50.374+0000] {manager.py:741} INFO - There are 1 files in /opt/airflow/dags
[2026-04-26T14:16:55.410+0000] {manager.py:879} INFO - 
================================================================================
DAG File Processing Stats

File Path                        PID  Runtime      # DAGs    # Errors  Last Runtime    Last Run
-----------------------------  -----  ---------  --------  ----------  --------------  -------------------
/opt/airflow/dags/demo-dag.py    475  0.00s             1           0  0.09s           2026-04-26T14:16:25
================================================================================
[2026-04-26T14:17:25.540+0000] {manager.py:879} INFO - 
================================================================================
DAG File Processing Stats

File Path                        PID  Runtime      # DAGs    # Errors  Last Runtime    Last Run
-----------------------------  -----  ---------  --------  ----------  --------------  -------------------
/opt/airflow/dags/demo-dag.py    480  0.00s             1           0  0.09s           2026-04-26T14:16:55
================================================================================
[2026-04-26T14:17:55.703+0000] {manager.py:879} INFO - 
================================================================================
DAG File Processing Stats

File Path                        PID  Runtime      # DAGs    # Errors  Last Runtime    Last Run
-----------------------------  -----  ---------  --------  ----------  --------------  -------------------
/opt/airflow/dags/demo-dag.py    485  0.00s             1           0  0.09s           2026-04-26T14:17:25
================================================================================
[2026-04-26T14:18:25.836+0000] {manager.py:879} INFO - 
================================================================================
DAG File Processing Stats

File Path                        PID  Runtime      # DAGs    # Errors  Last Runtime    Last Run
-----------------------------  -----  ---------  --------  ----------  --------------  -------------------
/opt/airflow/dags/demo-dag.py    490  0.00s             1           0  0.09s           2026-04-26T14:17:55
================================================================================
[2026-04-26T14:18:55.997+0000] {manager.py:879} INFO - 
================================================================================
DAG File Processing Stats

File Path                        PID  Runtime      # DAGs    # Errors  Last Runtime    Last Run
-----------------------------  -----  ---------  --------  ----------  --------------  -------------------
/opt/airflow/dags/demo-dag.py    495  0.00s             1           0  0.09s           2026-04-26T14:18:25
================================================================================
[2026-04-26T14:19:26.132+0000] {manager.py:879} INFO - 
================================================================================
DAG File Processing Stats

File Path                        PID  Runtime      # DAGs    # Errors  Last Runtime    Last Run
-----------------------------  -----  ---------  --------  ----------  --------------  -------------------
/opt/airflow/dags/demo-dag.py    500  0.00s             1           0  0.09s           2026-04-26T14:18:56
================================================================================
[2026-04-26T14:19:56.287+0000] {manager.py:879} INFO - 
================================================================================
DAG File Processing Stats

File Path                        PID  Runtime      # DAGs    # Errors  Last Runtime    Last Run
-----------------------------  -----  ---------  --------  ----------  --------------  -------------------
/opt/airflow/dags/demo-dag.py    505  0.00s             1           0  0.09s           2026-04-26T14:19:26
================================================================================
[2026-04-26T14:20:26.423+0000] {manager.py:879} INFO - 
================================================================================
DAG File Processing Stats

File Path                        PID  Runtime      # DAGs    # Errors  Last Runtime    Last Run
-----------------------------  -----  ---------  --------  ----------  --------------  -------------------
/opt/airflow/dags/demo-dag.py    510  0.00s             1           0  0.09s           2026-04-26T14:19:56
================================================================================
[2026-04-26T14:20:56.581+0000] {manager.py:879} INFO - 
================================================================================
DAG File Processing Stats

File Path                        PID  Runtime      # DAGs    # Errors  Last Runtime    Last Run
-----------------------------  -----  ---------  --------  ----------  --------------  -------------------
/opt/airflow/dags/demo-dag.py    515  0.00s             1           0  0.09s           2026-04-26T14:20:26
================================================================================
[2026-04-26T14:21:26.719+0000] {manager.py:879} INFO - 
================================================================================
DAG File Processing Stats

File Path                        PID  Runtime      # DAGs    # Errors  Last Runtime    Last Run
-----------------------------  -----  ---------  --------  ----------  --------------  -------------------
/opt/airflow/dags/demo-dag.py    520  0.00s             1           0  0.09s           2026-04-26T14:20:56
================================================================================
[2026-04-26T14:21:50.854+0000] {manager.py:738} INFO - Searching for files in /opt/airflow/dags
[2026-04-26T14:21:50.867+0000] {manager.py:741} INFO - There are 1 files in /opt/airflow/dags
[2026-04-26T14:21:56.908+0000] {manager.py:879} INFO - 
================================================================================
DAG File Processing Stats

File Path                        PID  Runtime      # DAGs    # Errors  Last Runtime    Last Run
-----------------------------  -----  ---------  --------  ----------  --------------  -------------------
/opt/airflow/dags/demo-dag.py    525  0.00s             1           0  0.09s           2026-04-26T14:21:26
================================================================================
[2026-04-26T14:22:27.036+0000] {manager.py:879} INFO - 
================================================================================
DAG File Processing Stats

File Path                        PID  Runtime      # DAGs    # Errors  Last Runtime    Last Run
-----------------------------  -----  ---------  --------  ----------  --------------  -------------------
/opt/airflow/dags/demo-dag.py    530  0.00s             1           0  0.09s           2026-04-26T14:21:56
================================================================================
[2026-04-26T14:22:57.202+0000] {manager.py:879} INFO - 
================================================================================
DAG File Processing Stats

File Path                        PID  Runtime      # DAGs    # Errors  Last Runtime    Last Run
-----------------------------  -----  ---------  --------  ----------  --------------  -------------------
/opt/airflow/dags/demo-dag.py    535  0.00s             1           0  0.10s           2026-04-26T14:22:27
================================================================================
[2026-04-26T14:23:27.344+0000] {manager.py:879} INFO - 
================================================================================
DAG File Processing Stats

File Path                        PID  Runtime      # DAGs    # Errors  Last Runtime    Last Run
-----------------------------  -----  ---------  --------  ----------  --------------  -------------------
/opt/airflow/dags/demo-dag.py    540  0.00s             1           0  0.10s           2026-04-26T14:22:57
================================================================================
[2026-04-26T14:23:57.504+0000] {manager.py:879} INFO - 
================================================================================
DAG File Processing Stats

File Path                        PID  Runtime      # DAGs    # Errors  Last Runtime    Last Run
-----------------------------  -----  ---------  --------  ----------  --------------  -------------------
/opt/airflow/dags/demo-dag.py    545  0.00s             1           0  0.10s           2026-04-26T14:23:27
================================================================================
[2026-04-26T14:24:27.658+0000] {manager.py:879} INFO - 
================================================================================
DAG File Processing Stats

File Path                        PID  Runtime      # DAGs    # Errors  Last Runtime    Last Run
-----------------------------  -----  ---------  --------  ----------  --------------  -------------------
/opt/airflow/dags/demo-dag.py    550  0.00s             1           0  0.09s           2026-04-26T14:23:57
================================================================================
[2026-04-26T14:24:57.814+0000] {manager.py:879} INFO - 
================================================================================
DAG File Processing Stats

File Path                        PID  Runtime      # DAGs    # Errors  Last Runtime    Last Run
-----------------------------  -----  ---------  --------  ----------  --------------  -------------------
/opt/airflow/dags/demo-dag.py    555  0.00s             1           0  0.09s           2026-04-26T14:24:27
================================================================================
[2026-04-26T14:25:27.947+0000] {manager.py:879} INFO - 
================================================================================
DAG File Processing Stats

File Path                        PID  Runtime      # DAGs    # Errors  Last Runtime    Last Run
-----------------------------  -----  ---------  --------  ----------  --------------  -------------------
/opt/airflow/dags/demo-dag.py    560  0.00s             1           0  0.11s           2026-04-26T14:24:57
================================================================================
[2026-04-26T14:25:58.131+0000] {manager.py:879} INFO - 
================================================================================
DAG File Processing Stats

File Path                        PID  Runtime      # DAGs    # Errors  Last Runtime    Last Run
-----------------------------  -----  ---------  --------  ----------  --------------  -------------------
/opt/airflow/dags/demo-dag.py    565  0.00s             1           0  0.09s           2026-04-26T14:25:28
================================================================================
[2026-04-26T14:26:28.253+0000] {manager.py:879} INFO - 
================================================================================
DAG File Processing Stats

File Path                        PID  Runtime      # DAGs    # Errors  Last Runtime    Last Run
-----------------------------  -----  ---------  --------  ----------  --------------  -------------------
/opt/airflow/dags/demo-dag.py    570  0.00s             1           0  0.09s           2026-04-26T14:25:58
================================================================================
[2026-04-26T14:26:51.377+0000] {manager.py:738} INFO - Searching for files in /opt/airflow/dags
[2026-04-26T14:26:51.389+0000] {manager.py:741} INFO - There are 1 files in /opt/airflow/dags
[2026-04-26T14:26:58.433+0000] {manager.py:879} INFO - 
================================================================================
DAG File Processing Stats

File Path                        PID  Runtime      # DAGs    # Errors  Last Runtime    Last Run
-----------------------------  -----  ---------  --------  ----------  --------------  -------------------
/opt/airflow/dags/demo-dag.py    575  0.00s             1           0  0.09s           2026-04-26T14:26:28
================================================================================
[2026-04-26T14:27:28.561+0000] {manager.py:879} INFO - 
================================================================================
DAG File Processing Stats

File Path                        PID  Runtime      # DAGs    # Errors  Last Runtime    Last Run
-----------------------------  -----  ---------  --------  ----------  --------------  -------------------
/opt/airflow/dags/demo-dag.py    580  0.00s             1           0  0.09s           2026-04-26T14:26:58
================================================================================
[2026-04-26T14:28:07.288+0000] {manager.py:469} INFO - Processing files using up to 2 processes at a time 
[2026-04-26T14:28:07.289+0000] {manager.py:470} INFO - Process each file at most once every 30 seconds
[2026-04-26T14:28:07.289+0000] {manager.py:471} INFO - Checking for new files in /opt/airflow/dags every 300 seconds
[2026-04-26T14:28:07.290+0000] {manager.py:738} INFO - Searching for files in /opt/airflow/dags
[2026-04-26T14:28:07.303+0000] {manager.py:741} INFO - There are 1 files in /opt/airflow/dags
[2026-04-26T14:28:07.378+0000] {manager.py:879} INFO - 
================================================================================
DAG File Processing Stats

File Path                        PID  Runtime      # DAGs    # Errors  Last Runtime    Last Run
-----------------------------  -----  ---------  --------  ----------  --------------  ----------
/opt/airflow/dags/demo-dag.py    208  0.04s             0           0
================================================================================
[2026-04-26T14:28:37.498+0000] {manager.py:879} INFO - 
================================================================================
DAG File Processing Stats

File Path                        PID  Runtime      # DAGs    # Errors  Last Runtime    Last Run
-----------------------------  -----  ---------  --------  ----------  --------------  -------------------
/opt/airflow/dags/demo-dag.py    230  0.00s             1           0  0.12s           2026-04-26T14:28:07
================================================================================
[2026-04-26T14:29:07.656+0000] {manager.py:879} INFO - 
================================================================================
DAG File Processing Stats

File Path                        PID  Runtime      # DAGs    # Errors  Last Runtime    Last Run
-----------------------------  -----  ---------  --------  ----------  --------------  -------------------
/opt/airflow/dags/demo-dag.py    235  0.00s             1           0  0.15s           2026-04-26T14:28:37
================================================================================
[2026-04-26T14:29:37.840+0000] {manager.py:879} INFO - 
================================================================================
DAG File Processing Stats

File Path                        PID  Runtime      # DAGs    # Errors  Last Runtime    Last Run
-----------------------------  -----  ---------  --------  ----------  --------------  -------------------
/opt/airflow/dags/demo-dag.py    240  0.00s             1           0  0.10s           2026-04-26T14:29:07
================================================================================
[2026-04-26T14:30:07.970+0000] {manager.py:879} INFO - 
================================================================================
DAG File Processing Stats

File Path                        PID  Runtime      # DAGs    # Errors  Last Runtime    Last Run
-----------------------------  -----  ---------  --------  ----------  --------------  -------------------
/opt/airflow/dags/demo-dag.py    245  0.00s             1           0  0.10s           2026-04-26T14:29:37
================================================================================
[2026-04-26T14:30:38.140+0000] {manager.py:879} INFO - 
================================================================================
DAG File Processing Stats

File Path                        PID  Runtime      # DAGs    # Errors  Last Runtime    Last Run
-----------------------------  -----  ---------  --------  ----------  --------------  -------------------
/opt/airflow/dags/demo-dag.py    250  0.00s             1           0  0.11s           2026-04-26T14:30:08
================================================================================
[2026-04-26T14:31:08.280+0000] {manager.py:879} INFO - 
================================================================================
DAG File Processing Stats

File Path                        PID  Runtime      # DAGs    # Errors  Last Runtime    Last Run
-----------------------------  -----  ---------  --------  ----------  --------------  -------------------
/opt/airflow/dags/demo-dag.py    255  0.00s             1           0  0.10s           2026-04-26T14:30:38
================================================================================
[2026-04-26T14:31:38.438+0000] {manager.py:879} INFO - 
================================================================================
DAG File Processing Stats

File Path                        PID  Runtime      # DAGs    # Errors  Last Runtime    Last Run
-----------------------------  -----  ---------  --------  ----------  --------------  -------------------
/opt/airflow/dags/demo-dag.py    260  0.00s             1           0  0.10s           2026-04-26T14:31:08
================================================================================
[2026-04-26T14:32:08.577+0000] {manager.py:879} INFO - 
================================================================================
DAG File Processing Stats

File Path                        PID  Runtime      # DAGs    # Errors  Last Runtime    Last Run
-----------------------------  -----  ---------  --------  ----------  --------------  -------------------
/opt/airflow/dags/demo-dag.py    265  0.00s             1           0  0.09s           2026-04-26T14:31:38
================================================================================
[2026-04-26T14:32:38.730+0000] {manager.py:879} INFO - 
================================================================================
DAG File Processing Stats

File Path                        PID  Runtime      # DAGs    # Errors  Last Runtime    Last Run
-----------------------------  -----  ---------  --------  ----------  --------------  -------------------
/opt/airflow/dags/demo-dag.py    270  0.00s             1           0  0.10s           2026-04-26T14:32:08
================================================================================
[2026-04-26T14:33:07.862+0000] {manager.py:738} INFO - Searching for files in /opt/airflow/dags
[2026-04-26T14:33:07.874+0000] {manager.py:741} INFO - There are 1 files in /opt/airflow/dags
[2026-04-26T14:33:08.893+0000] {manager.py:879} INFO - 
================================================================================
DAG File Processing Stats

File Path                        PID  Runtime      # DAGs    # Errors  Last Runtime    Last Run
-----------------------------  -----  ---------  --------  ----------  --------------  -------------------
/opt/airflow/dags/demo-dag.py    275  0.00s             1           0  0.10s           2026-04-26T14:32:38
================================================================================
[2026-04-26T14:33:39.032+0000] {manager.py:879} INFO - 
================================================================================
DAG File Processing Stats

File Path                        PID  Runtime      # DAGs    # Errors  Last Runtime    Last Run
-----------------------------  -----  ---------  --------  ----------  --------------  -------------------
/opt/airflow/dags/demo-dag.py    280  0.00s             1           0  0.10s           2026-04-26T14:33:08
================================================================================
[2026-04-26T14:34:09.208+0000] {manager.py:879} INFO - 
================================================================================
DAG File Processing Stats

File Path                        PID  Runtime      # DAGs    # Errors  Last Runtime    Last Run
-----------------------------  -----  ---------  --------  ----------  --------------  -------------------
/opt/airflow/dags/demo-dag.py    285  0.00s             1           0  0.10s           2026-04-26T14:33:39
================================================================================
[2026-04-26T14:34:39.337+0000] {manager.py:879} INFO - 
================================================================================
DAG File Processing Stats

File Path                        PID  Runtime      # DAGs    # Errors  Last Runtime    Last Run
-----------------------------  -----  ---------  --------  ----------  --------------  -------------------
/opt/airflow/dags/demo-dag.py    290  0.00s             1           0  0.09s           2026-04-26T14:34:09
================================================================================
[2026-04-26T14:35:09.516+0000] {manager.py:879} INFO - 
================================================================================
DAG File Processing Stats

File Path                        PID  Runtime      # DAGs    # Errors  Last Runtime    Last Run
-----------------------------  -----  ---------  --------  ----------  --------------  -------------------
/opt/airflow/dags/demo-dag.py    295  0.00s             1           0  0.09s           2026-04-26T14:34:39
================================================================================
[2026-04-26T14:35:39.651+0000] {manager.py:879} INFO - 
================================================================================
DAG File Processing Stats

File Path                        PID  Runtime      # DAGs    # Errors  Last Runtime    Last Run
-----------------------------  -----  ---------  --------  ----------  --------------  -------------------
/opt/airflow/dags/demo-dag.py    300  0.00s             1           0  0.09s           2026-04-26T14:35:09
================================================================================
[2026-04-26T14:36:09.828+0000] {manager.py:879} INFO - 
================================================================================
DAG File Processing Stats

File Path                        PID  Runtime      # DAGs    # Errors  Last Runtime    Last Run
-----------------------------  -----  ---------  --------  ----------  --------------  -------------------
/opt/airflow/dags/demo-dag.py    305  0.00s             1           0  0.09s           2026-04-26T14:35:39
================================================================================
[2026-04-26T14:36:39.973+0000] {manager.py:879} INFO - 
================================================================================
DAG File Processing Stats

File Path                        PID  Runtime      # DAGs    # Errors  Last Runtime    Last Run
-----------------------------  -----  ---------  --------  ----------  --------------  -------------------
/opt/airflow/dags/demo-dag.py    310  0.00s             1           0  0.09s           2026-04-26T14:36:09
================================================================================
[2026-04-26T14:37:10.145+0000] {manager.py:879} INFO - 
================================================================================
DAG File Processing Stats

File Path                        PID  Runtime      # DAGs    # Errors  Last Runtime    Last Run
-----------------------------  -----  ---------  --------  ----------  --------------  -------------------
/opt/airflow/dags/demo-dag.py    315  0.00s             1           0  0.10s           2026-04-26T14:36:40
================================================================================
[2026-04-26T14:37:40.279+0000] {manager.py:879} INFO - 
================================================================================
DAG File Processing Stats

File Path                        PID  Runtime      # DAGs    # Errors  Last Runtime    Last Run
-----------------------------  -----  ---------  --------  ----------  --------------  -------------------
/opt/airflow/dags/demo-dag.py    320  0.00s             1           0  0.09s           2026-04-26T14:37:10
================================================================================
[2026-04-26T14:38:08.439+0000] {manager.py:738} INFO - Searching for files in /opt/airflow/dags
[2026-04-26T14:38:08.457+0000] {manager.py:741} INFO - There are 1 files in /opt/airflow/dags
[2026-04-26T14:38:10.487+0000] {manager.py:879} INFO - 
================================================================================
DAG File Processing Stats

File Path                        PID  Runtime      # DAGs    # Errors  Last Runtime    Last Run
-----------------------------  -----  ---------  --------  ----------  --------------  -------------------
/opt/airflow/dags/demo-dag.py    325  0.00s             1           0  0.10s           2026-04-26T14:37:40
================================================================================
[2026-04-26T14:38:40.616+0000] {manager.py:879} INFO - 
================================================================================
DAG File Processing Stats

File Path                        PID  Runtime      # DAGs    # Errors  Last Runtime    Last Run
-----------------------------  -----  ---------  --------  ----------  --------------  -------------------
/opt/airflow/dags/demo-dag.py    330  0.00s             1           0  0.10s           2026-04-26T14:38:10
================================================================================
[2026-04-26T14:39:10.806+0000] {manager.py:879} INFO - 
================================================================================
DAG File Processing Stats

File Path                        PID  Runtime      # DAGs    # Errors  Last Runtime    Last Run
-----------------------------  -----  ---------  --------  ----------  --------------  -------------------
/opt/airflow/dags/demo-dag.py    335  0.00s             1           0  0.10s           2026-04-26T14:38:40
================================================================================
[2026-04-26T14:39:40.943+0000] {manager.py:879} INFO - 
================================================================================
DAG File Processing Stats

File Path                        PID  Runtime      # DAGs    # Errors  Last Runtime    Last Run
-----------------------------  -----  ---------  --------  ----------  --------------  -------------------
/opt/airflow/dags/demo-dag.py    340  0.00s             1           0  0.09s           2026-04-26T14:39:10
================================================================================
[2026-04-26T14:40:11.109+0000] {manager.py:879} INFO - 
================================================================================
DAG File Processing Stats

File Path                        PID  Runtime      # DAGs    # Errors  Last Runtime    Last Run
-----------------------------  -----  ---------  --------  ----------  --------------  -------------------
/opt/airflow/dags/demo-dag.py    345  0.00s             1           0  0.09s           2026-04-26T14:39:41
================================================================================
[2026-04-26T14:40:41.242+0000] {manager.py:879} INFO - 
================================================================================
DAG File Processing Stats

File Path                        PID  Runtime      # DAGs    # Errors  Last Runtime    Last Run
-----------------------------  -----  ---------  --------  ----------  --------------  -------------------
/opt/airflow/dags/demo-dag.py    350  0.00s             1           0  0.09s           2026-04-26T14:40:11
================================================================================
[2026-04-26T14:41:11.421+0000] {manager.py:879} INFO - 
================================================================================
DAG File Processing Stats

File Path                        PID  Runtime      # DAGs    # Errors  Last Runtime    Last Run
-----------------------------  -----  ---------  --------  ----------  --------------  -------------------
/opt/airflow/dags/demo-dag.py    355  0.00s             1           0  0.09s           2026-04-26T14:40:41
================================================================================
[2026-04-26T14:41:41.556+0000] {manager.py:879} INFO - 
================================================================================
DAG File Processing Stats

File Path                        PID  Runtime      # DAGs    # Errors  Last Runtime    Last Run
-----------------------------  -----  ---------  --------  ----------  --------------  -------------------
/opt/airflow/dags/demo-dag.py    360  0.00s             1           0  0.08s           2026-04-26T14:41:11
================================================================================
[2026-04-26T14:42:11.722+0000] {manager.py:879} INFO - 
================================================================================
DAG File Processing Stats

File Path                        PID  Runtime      # DAGs    # Errors  Last Runtime    Last Run
-----------------------------  -----  ---------  --------  ----------  --------------  -------------------
/opt/airflow/dags/demo-dag.py    365  0.00s             1           0  0.09s           2026-04-26T14:41:41
================================================================================
[2026-04-26T14:42:41.857+0000] {manager.py:879} INFO - 
================================================================================
DAG File Processing Stats

File Path                        PID  Runtime      # DAGs    # Errors  Last Runtime    Last Run
-----------------------------  -----  ---------  --------  ----------  --------------  -------------------
/opt/airflow/dags/demo-dag.py    370  0.00s             1           0  0.08s           2026-04-26T14:42:11
================================================================================
[2026-04-26T14:43:08.992+0000] {manager.py:738} INFO - Searching for files in /opt/airflow/dags
[2026-04-26T14:43:09.004+0000] {manager.py:741} INFO - There are 1 files in /opt/airflow/dags
[2026-04-26T14:43:12.032+0000] {manager.py:879} INFO - 
================================================================================
DAG File Processing Stats

File Path                        PID  Runtime      # DAGs    # Errors  Last Runtime    Last Run
-----------------------------  -----  ---------  --------  ----------  --------------  -------------------
/opt/airflow/dags/demo-dag.py    375  0.00s             1           0  0.08s           2026-04-26T14:42:41
================================================================================
[2026-04-26T14:43:42.162+0000] {manager.py:879} INFO - 
================================================================================
DAG File Processing Stats

File Path                        PID  Runtime      # DAGs    # Errors  Last Runtime    Last Run
-----------------------------  -----  ---------  --------  ----------  --------------  -------------------
/opt/airflow/dags/demo-dag.py    380  0.00s             1           0  0.08s           2026-04-26T14:43:12
================================================================================
[2026-04-26T14:44:12.322+0000] {manager.py:879} INFO - 
================================================================================
DAG File Processing Stats

File Path                        PID  Runtime      # DAGs    # Errors  Last Runtime    Last Run
-----------------------------  -----  ---------  --------  ----------  --------------  -------------------
/opt/airflow/dags/demo-dag.py    385  0.00s             1           0  0.09s           2026-04-26T14:43:42
================================================================================
[2026-04-26T14:44:42.452+0000] {manager.py:879} INFO - 
================================================================================
DAG File Processing Stats

File Path                        PID  Runtime      # DAGs    # Errors  Last Runtime    Last Run
-----------------------------  -----  ---------  --------  ----------  --------------  -------------------
/opt/airflow/dags/demo-dag.py    390  0.00s             1           0  0.08s           2026-04-26T14:44:12
================================================================================
[2026-04-26T14:45:12.613+0000] {manager.py:879} INFO - 
================================================================================
DAG File Processing Stats

File Path                        PID  Runtime      # DAGs    # Errors  Last Runtime    Last Run
-----------------------------  -----  ---------  --------  ----------  --------------  -------------------
/opt/airflow/dags/demo-dag.py    395  0.00s             1           0  0.09s           2026-04-26T14:44:42
================================================================================
[2026-04-26T14:45:42.741+0000] {manager.py:879} INFO - 
================================================================================
DAG File Processing Stats

File Path                        PID  Runtime      # DAGs    # Errors  Last Runtime    Last Run
-----------------------------  -----  ---------  --------  ----------  --------------  -------------------
/opt/airflow/dags/demo-dag.py    400  0.00s             1           0  0.09s           2026-04-26T14:45:12
================================================================================
[2026-04-26T14:46:12.906+0000] {manager.py:879} INFO - 
================================================================================
DAG File Processing Stats

File Path                        PID  Runtime      # DAGs    # Errors  Last Runtime    Last Run
-----------------------------  -----  ---------  --------  ----------  --------------  -------------------
/opt/airflow/dags/demo-dag.py    405  0.00s             1           0  0.09s           2026-04-26T14:45:42
================================================================================
[2026-04-26T14:46:43.037+0000] {manager.py:879} INFO - 
================================================================================
DAG File Processing Stats

File Path                        PID  Runtime      # DAGs    # Errors  Last Runtime    Last Run
-----------------------------  -----  ---------  --------  ----------  --------------  -------------------
/opt/airflow/dags/demo-dag.py    410  0.00s             1           0  0.09s           2026-04-26T14:46:12
================================================================================
[2026-04-26T14:47:13.193+0000] {manager.py:879} INFO - 
================================================================================
DAG File Processing Stats

File Path                        PID  Runtime      # DAGs    # Errors  Last Runtime    Last Run
-----------------------------  -----  ---------  --------  ----------  --------------  -------------------
/opt/airflow/dags/demo-dag.py    415  0.00s             1           0  0.09s           2026-04-26T14:46:43
================================================================================
[2026-04-26T14:47:43.320+0000] {manager.py:879} INFO - 
================================================================================
DAG File Processing Stats

File Path                        PID  Runtime      # DAGs    # Errors  Last Runtime    Last Run
-----------------------------  -----  ---------  --------  ----------  --------------  -------------------
/opt/airflow/dags/demo-dag.py    420  0.00s             1           0  0.09s           2026-04-26T14:47:13
================================================================================
[2026-04-26T14:48:09.464+0000] {manager.py:738} INFO - Searching for files in /opt/airflow/dags
[2026-04-26T14:48:09.476+0000] {manager.py:741} INFO - There are 1 files in /opt/airflow/dags
[2026-04-26T14:48:13.507+0000] {manager.py:879} INFO - 
================================================================================
DAG File Processing Stats

File Path                        PID  Runtime      # DAGs    # Errors  Last Runtime    Last Run
-----------------------------  -----  ---------  --------  ----------  --------------  -------------------
/opt/airflow/dags/demo-dag.py    425  0.00s             1           0  0.09s           2026-04-26T14:47:43
================================================================================
[2026-04-26T14:48:43.642+0000] {manager.py:879} INFO - 
================================================================================
DAG File Processing Stats

File Path                        PID  Runtime      # DAGs    # Errors  Last Runtime    Last Run
-----------------------------  -----  ---------  --------  ----------  --------------  -------------------
/opt/airflow/dags/demo-dag.py    430  0.00s             1           0  0.09s           2026-04-26T14:48:13
================================================================================
[2026-04-26T14:49:13.813+0000] {manager.py:879} INFO - 
================================================================================
DAG File Processing Stats

File Path                        PID  Runtime      # DAGs    # Errors  Last Runtime    Last Run
-----------------------------  -----  ---------  --------  ----------  --------------  -------------------
/opt/airflow/dags/demo-dag.py    435  0.00s             1           0  0.10s           2026-04-26T14:48:43
================================================================================
[2026-04-26T14:49:43.942+0000] {manager.py:879} INFO - 
================================================================================
DAG File Processing Stats

File Path                        PID  Runtime      # DAGs    # Errors  Last Runtime    Last Run
-----------------------------  -----  ---------  --------  ----------  --------------  -------------------
/opt/airflow/dags/demo-dag.py    440  0.00s             1           0  0.08s           2026-04-26T14:49:13
================================================================================
[2026-04-26T14:50:14.111+0000] {manager.py:879} INFO - 
================================================================================
DAG File Processing Stats

File Path                        PID  Runtime      # DAGs    # Errors  Last Runtime    Last Run
-----------------------------  -----  ---------  --------  ----------  --------------  -------------------
/opt/airflow/dags/demo-dag.py    445  0.00s             1           0  0.09s           2026-04-26T14:49:44
================================================================================
[2026-04-26T14:50:44.241+0000] {manager.py:879} INFO - 
================================================================================
DAG File Processing Stats

File Path                        PID  Runtime      # DAGs    # Errors  Last Runtime    Last Run
-----------------------------  -----  ---------  --------  ----------  --------------  -------------------
/opt/airflow/dags/demo-dag.py    450  0.00s             1           0  0.09s           2026-04-26T14:50:14
================================================================================
[2026-04-26T14:51:14.395+0000] {manager.py:879} INFO - 
================================================================================
DAG File Processing Stats

File Path                        PID  Runtime      # DAGs    # Errors  Last Runtime    Last Run
-----------------------------  -----  ---------  --------  ----------  --------------  -------------------
/opt/airflow/dags/demo-dag.py    455  0.00s             1           0  0.09s           2026-04-26T14:50:44
================================================================================
[2026-04-26T14:51:44.534+0000] {manager.py:879} INFO - 
================================================================================
DAG File Processing Stats

File Path                        PID  Runtime      # DAGs    # Errors  Last Runtime    Last Run
-----------------------------  -----  ---------  --------  ----------  --------------  -------------------
/opt/airflow/dags/demo-dag.py    460  0.00s             1           0  0.10s           2026-04-26T14:51:14
================================================================================
[2026-04-26T14:52:14.690+0000] {manager.py:879} INFO - 
================================================================================
DAG File Processing Stats

File Path                        PID  Runtime      # DAGs    # Errors  Last Runtime    Last Run
-----------------------------  -----  ---------  --------  ----------  --------------  -------------------
/opt/airflow/dags/demo-dag.py    465  0.00s             1           0  0.09s           2026-04-26T14:51:44
================================================================================
[2026-04-26T14:52:44.831+0000] {manager.py:879} INFO - 
================================================================================
DAG File Processing Stats

File Path                        PID  Runtime      # DAGs    # Errors  Last Runtime    Last Run
-----------------------------  -----  ---------  --------  ----------  --------------  -------------------
/opt/airflow/dags/demo-dag.py    470  0.00s             1           0  0.09s           2026-04-26T14:52:14
================================================================================
[2026-04-26T14:53:09.946+0000] {manager.py:738} INFO - Searching for files in /opt/airflow/dags
[2026-04-26T14:53:09.958+0000] {manager.py:741} INFO - There are 1 files in /opt/airflow/dags
[2026-04-26T14:53:14.994+0000] {manager.py:879} INFO - 
================================================================================
DAG File Processing Stats

File Path                        PID  Runtime      # DAGs    # Errors  Last Runtime    Last Run
-----------------------------  -----  ---------  --------  ----------  --------------  -------------------
/opt/airflow/dags/demo-dag.py    475  0.00s             1           0  0.09s           2026-04-26T14:52:44
================================================================================
[2026-04-26T14:53:45.117+0000] {manager.py:879} INFO - 
================================================================================
DAG File Processing Stats

File Path                        PID  Runtime      # DAGs    # Errors  Last Runtime    Last Run
-----------------------------  -----  ---------  --------  ----------  --------------  -------------------
/opt/airflow/dags/demo-dag.py    480  0.00s             1           0  0.09s           2026-04-26T14:53:15
================================================================================
[2026-04-26T14:54:15.290+0000] {manager.py:879} INFO - 
================================================================================
DAG File Processing Stats

File Path                        PID  Runtime      # DAGs    # Errors  Last Runtime    Last Run
-----------------------------  -----  ---------  --------  ----------  --------------  -------------------
/opt/airflow/dags/demo-dag.py    485  0.00s             1           0  0.09s           2026-04-26T14:53:45
================================================================================
[2026-04-26T14:54:45.419+0000] {manager.py:879} INFO - 
================================================================================
DAG File Processing Stats

File Path                        PID  Runtime      # DAGs    # Errors  Last Runtime    Last Run
-----------------------------  -----  ---------  --------  ----------  --------------  -------------------
/opt/airflow/dags/demo-dag.py    490  0.00s             1           0  0.09s           2026-04-26T14:54:15
================================================================================
[2026-04-26T14:55:15.588+0000] {manager.py:879} INFO - 
================================================================================
DAG File Processing Stats

File Path                        PID  Runtime      # DAGs    # Errors  Last Runtime    Last Run
-----------------------------  -----  ---------  --------  ----------  --------------  -------------------
/opt/airflow/dags/demo-dag.py    495  0.00s             1           0  0.10s           2026-04-26T14:54:45
================================================================================
[2026-04-26T14:55:45.717+0000] {manager.py:879} INFO - 
================================================================================
DAG File Processing Stats

File Path                        PID  Runtime      # DAGs    # Errors  Last Runtime    Last Run
-----------------------------  -----  ---------  --------  ----------  --------------  -------------------
/opt/airflow/dags/demo-dag.py    500  0.00s             1           0  0.09s           2026-04-26T14:55:15
================================================================================
[2026-04-26T14:56:15.886+0000] {manager.py:879} INFO - 
================================================================================
DAG File Processing Stats

File Path                        PID  Runtime      # DAGs    # Errors  Last Runtime    Last Run
-----------------------------  -----  ---------  --------  ----------  --------------  -------------------
/opt/airflow/dags/demo-dag.py    505  0.00s             1           0  0.09s           2026-04-26T14:55:45
================================================================================
[2026-04-26T14:56:46.011+0000] {manager.py:879} INFO - 
================================================================================
DAG File Processing Stats

File Path                        PID  Runtime      # DAGs    # Errors  Last Runtime    Last Run
-----------------------------  -----  ---------  --------  ----------  --------------  -------------------
/opt/airflow/dags/demo-dag.py    510  0.00s             1           0  0.09s           2026-04-26T14:56:15
================================================================================
[2026-04-26T14:57:16.185+0000] {manager.py:879} INFO - 
================================================================================
DAG File Processing Stats

File Path                        PID  Runtime      # DAGs    # Errors  Last Runtime    Last Run
-----------------------------  -----  ---------  --------  ----------  --------------  -------------------
/opt/airflow/dags/demo-dag.py    515  0.00s             1           0  0.09s           2026-04-26T14:56:46
================================================================================
[2026-04-26T14:57:46.307+0000] {manager.py:879} INFO - 
================================================================================
DAG File Processing Stats

File Path                        PID  Runtime      # DAGs    # Errors  Last Runtime    Last Run
-----------------------------  -----  ---------  --------  ----------  --------------  -------------------
/opt/airflow/dags/demo-dag.py    520  0.00s             1           0  0.09s           2026-04-26T14:57:16
================================================================================
[2026-04-26T14:58:10.451+0000] {manager.py:738} INFO - Searching for files in /opt/airflow/dags
[2026-04-26T14:58:10.462+0000] {manager.py:741} INFO - There are 1 files in /opt/airflow/dags
[2026-04-26T14:58:16.503+0000] {manager.py:879} INFO - 
================================================================================
DAG File Processing Stats

File Path                        PID  Runtime      # DAGs    # Errors  Last Runtime    Last Run
-----------------------------  -----  ---------  --------  ----------  --------------  -------------------
/opt/airflow/dags/demo-dag.py    525  0.00s             1           0  0.11s           2026-04-26T14:57:46
================================================================================
[2026-04-26T14:58:46.632+0000] {manager.py:879} INFO - 
================================================================================
DAG File Processing Stats

File Path                        PID  Runtime      # DAGs    # Errors  Last Runtime    Last Run
-----------------------------  -----  ---------  --------  ----------  --------------  -------------------
/opt/airflow/dags/demo-dag.py    530  0.00s             1           0  0.09s           2026-04-26T14:58:16
================================================================================
[2026-04-26T14:59:16.798+0000] {manager.py:879} INFO - 
================================================================================
DAG File Processing Stats

File Path                        PID  Runtime      # DAGs    # Errors  Last Runtime    Last Run
-----------------------------  -----  ---------  --------  ----------  --------------  -------------------
/opt/airflow/dags/demo-dag.py    535  0.00s             1           0  0.09s           2026-04-26T14:58:46
================================================================================
[2026-04-26T14:59:46.928+0000] {manager.py:879} INFO - 
================================================================================
DAG File Processing Stats

File Path                        PID  Runtime      # DAGs    # Errors  Last Runtime    Last Run
-----------------------------  -----  ---------  --------  ----------  --------------  -------------------
/opt/airflow/dags/demo-dag.py    540  0.00s             1           0  0.09s           2026-04-26T14:59:16
================================================================================
[2026-04-26T15:00:17.095+0000] {manager.py:879} INFO - 
================================================================================
DAG File Processing Stats

File Path                        PID  Runtime      # DAGs    # Errors  Last Runtime    Last Run
-----------------------------  -----  ---------  --------  ----------  --------------  -------------------
/opt/airflow/dags/demo-dag.py    545  0.00s             1           0  0.09s           2026-04-26T14:59:47
================================================================================
[2026-04-26T15:00:47.221+0000] {manager.py:879} INFO - 
================================================================================
DAG File Processing Stats

File Path                        PID  Runtime      # DAGs    # Errors  Last Runtime    Last Run
-----------------------------  -----  ---------  --------  ----------  --------------  -------------------
/opt/airflow/dags/demo-dag.py    550  0.00s             1           0  0.09s           2026-04-26T15:00:17
================================================================================
[2026-04-26T15:01:17.394+0000] {manager.py:879} INFO - 
================================================================================
DAG File Processing Stats

File Path                        PID  Runtime      # DAGs    # Errors  Last Runtime    Last Run
-----------------------------  -----  ---------  --------  ----------  --------------  -------------------
/opt/airflow/dags/demo-dag.py    555  0.00s             1           0  0.09s           2026-04-26T15:00:47
================================================================================
[2026-04-26T15:01:47.522+0000] {manager.py:879} INFO - 
================================================================================
DAG File Processing Stats

File Path                        PID  Runtime      # DAGs    # Errors  Last Runtime    Last Run
-----------------------------  -----  ---------  --------  ----------  --------------  -------------------
/opt/airflow/dags/demo-dag.py    560  0.00s             1           0  0.09s           2026-04-26T15:01:17
================================================================================
[2026-04-26T15:02:17.697+0000] {manager.py:879} INFO - 
================================================================================
DAG File Processing Stats

File Path                        PID  Runtime      # DAGs    # Errors  Last Runtime    Last Run
-----------------------------  -----  ---------  --------  ----------  --------------  -------------------
/opt/airflow/dags/demo-dag.py    565  0.00s             1           0  0.09s           2026-04-26T15:01:47
================================================================================
[2026-04-26T15:02:47.825+0000] {manager.py:879} INFO - 
================================================================================
DAG File Processing Stats

File Path                        PID  Runtime      # DAGs    # Errors  Last Runtime    Last Run
-----------------------------  -----  ---------  --------  ----------  --------------  -------------------
/opt/airflow/dags/demo-dag.py    570  0.00s             1           0  0.09s           2026-04-26T15:02:17
================================================================================
[2026-04-26T15:03:10.955+0000] {manager.py:738} INFO - Searching for files in /opt/airflow/dags
[2026-04-26T15:03:10.967+0000] {manager.py:741} INFO - There are 1 files in /opt/airflow/dags
[2026-04-26T15:03:18.008+0000] {manager.py:879} INFO - 
================================================================================
DAG File Processing Stats

File Path                        PID  Runtime      # DAGs    # Errors  Last Runtime    Last Run
-----------------------------  -----  ---------  --------  ----------  --------------  -------------------
/opt/airflow/dags/demo-dag.py    575  0.00s             1           0  0.09s           2026-04-26T15:02:47
================================================================================
[2026-04-26T15:03:48.141+0000] {manager.py:879} INFO - 
================================================================================
DAG File Processing Stats

File Path                        PID  Runtime      # DAGs    # Errors  Last Runtime    Last Run
-----------------------------  -----  ---------  --------  ----------  --------------  -------------------
/opt/airflow/dags/demo-dag.py    580  0.00s             1           0  0.09s           2026-04-26T15:03:18
================================================================================
[2026-04-26T15:04:18.293+0000] {manager.py:879} INFO - 
================================================================================
DAG File Processing Stats

File Path                        PID  Runtime      # DAGs    # Errors  Last Runtime    Last Run
-----------------------------  -----  ---------  --------  ----------  --------------  -------------------
/opt/airflow/dags/demo-dag.py    585  0.00s             1           0  0.09s           2026-04-26T15:03:48
================================================================================
[2026-04-26T15:04:48.425+0000] {manager.py:879} INFO - 
================================================================================
DAG File Processing Stats

File Path                        PID  Runtime      # DAGs    # Errors  Last Runtime    Last Run
-----------------------------  -----  ---------  --------  ----------  --------------  -------------------
/opt/airflow/dags/demo-dag.py    590  0.00s             1           0  0.10s           2026-04-26T15:04:18
================================================================================
[2026-04-26T15:05:18.601+0000] {manager.py:879} INFO - 
================================================================================
DAG File Processing Stats

File Path                        PID  Runtime      # DAGs    # Errors  Last Runtime    Last Run
-----------------------------  -----  ---------  --------  ----------  --------------  -------------------
/opt/airflow/dags/demo-dag.py    595  0.00s             1           0  0.10s           2026-04-26T15:04:48
================================================================================
[2026-04-26T15:05:48.729+0000] {manager.py:879} INFO - 
================================================================================
DAG File Processing Stats

File Path                        PID  Runtime      # DAGs    # Errors  Last Runtime    Last Run
-----------------------------  -----  ---------  --------  ----------  --------------  -------------------
/opt/airflow/dags/demo-dag.py    600  0.00s             1           0  0.12s           2026-04-26T15:05:18
================================================================================
[2026-04-26T15:06:18.928+0000] {manager.py:879} INFO - 
================================================================================
DAG File Processing Stats

File Path                        PID  Runtime      # DAGs    # Errors  Last Runtime    Last Run
-----------------------------  -----  ---------  --------  ----------  --------------  -------------------
/opt/airflow/dags/demo-dag.py    605  0.00s             1           0  0.09s           2026-04-26T15:05:48
================================================================================
[2026-04-26T15:06:49.057+0000] {manager.py:879} INFO - 
================================================================================
DAG File Processing Stats

File Path                        PID  Runtime      # DAGs    # Errors  Last Runtime    Last Run
-----------------------------  -----  ---------  --------  ----------  --------------  -------------------
/opt/airflow/dags/demo-dag.py    610  0.00s             1           0  0.11s           2026-04-26T15:06:19
================================================================================
[2026-04-26T15:07:19.247+0000] {manager.py:879} INFO - 
================================================================================
DAG File Processing Stats

File Path                        PID  Runtime      # DAGs    # Errors  Last Runtime    Last Run
-----------------------------  -----  ---------  --------  ----------  --------------  -------------------
/opt/airflow/dags/demo-dag.py    615  0.00s             1           0  0.09s           2026-04-26T15:06:49
================================================================================
[2026-04-26T15:07:49.379+0000] {manager.py:879} INFO - 
================================================================================
DAG File Processing Stats

File Path                        PID  Runtime      # DAGs    # Errors  Last Runtime    Last Run
-----------------------------  -----  ---------  --------  ----------  --------------  -------------------
/opt/airflow/dags/demo-dag.py    620  0.00s             1           0  0.09s           2026-04-26T15:07:19
================================================================================
[2026-04-26T15:08:11.514+0000] {manager.py:738} INFO - Searching for files in /opt/airflow/dags
[2026-04-26T15:08:11.526+0000] {manager.py:741} INFO - There are 1 files in /opt/airflow/dags
[2026-04-26T15:08:19.573+0000] {manager.py:879} INFO - 
================================================================================
DAG File Processing Stats

File Path                        PID  Runtime      # DAGs    # Errors  Last Runtime    Last Run
-----------------------------  -----  ---------  --------  ----------  --------------  -------------------
/opt/airflow/dags/demo-dag.py    626  0.00s             1           0  0.09s           2026-04-26T15:07:49
================================================================================
[2026-04-26T15:08:49.707+0000] {manager.py:879} INFO - 
================================================================================
DAG File Processing Stats

File Path                        PID  Runtime      # DAGs    # Errors  Last Runtime    Last Run
-----------------------------  -----  ---------  --------  ----------  --------------  -------------------
/opt/airflow/dags/demo-dag.py    631  0.01s             1           0  0.12s           2026-04-26T15:08:19
================================================================================
[2026-04-26T15:09:19.902+0000] {manager.py:879} INFO - 
================================================================================
DAG File Processing Stats

File Path                        PID  Runtime      # DAGs    # Errors  Last Runtime    Last Run
-----------------------------  -----  ---------  --------  ----------  --------------  -------------------
/opt/airflow/dags/demo-dag.py    636  0.00s             1           0  0.12s           2026-04-26T15:08:49
================================================================================
[2026-04-26T15:09:50.036+0000] {manager.py:879} INFO - 
================================================================================
DAG File Processing Stats

File Path                        PID  Runtime      # DAGs    # Errors  Last Runtime    Last Run
-----------------------------  -----  ---------  --------  ----------  --------------  -------------------
/opt/airflow/dags/demo-dag.py    641  0.00s             1           0  0.09s           2026-04-26T15:09:19
================================================================================
[2026-04-26T15:10:20.212+0000] {manager.py:879} INFO - 
================================================================================
DAG File Processing Stats

File Path                        PID  Runtime      # DAGs    # Errors  Last Runtime    Last Run
-----------------------------  -----  ---------  --------  ----------  --------------  -------------------
/opt/airflow/dags/demo-dag.py    646  0.00s             1           0  0.10s           2026-04-26T15:09:50
================================================================================
[2026-04-26T15:10:50.342+0000] {manager.py:879} INFO - 
================================================================================
DAG File Processing Stats

File Path                        PID  Runtime      # DAGs    # Errors  Last Runtime    Last Run
-----------------------------  -----  ---------  --------  ----------  --------------  -------------------
/opt/airflow/dags/demo-dag.py    651  0.00s             1           0  0.08s           2026-04-26T15:10:20
================================================================================
[2026-04-26T15:11:20.496+0000] {manager.py:879} INFO - 
================================================================================
DAG File Processing Stats

File Path                        PID  Runtime      # DAGs    # Errors  Last Runtime    Last Run
-----------------------------  -----  ---------  --------  ----------  --------------  -------------------
/opt/airflow/dags/demo-dag.py    656  0.00s             1           0  0.09s           2026-04-26T15:10:50
================================================================================
[2026-04-26T15:11:50.629+0000] {manager.py:879} INFO - 
================================================================================
DAG File Processing Stats

File Path                        PID  Runtime      # DAGs    # Errors  Last Runtime    Last Run
-----------------------------  -----  ---------  --------  ----------  --------------  -------------------
/opt/airflow/dags/demo-dag.py    661  0.00s             1           0  0.09s           2026-04-26T15:11:20
================================================================================
[2026-04-26T15:12:20.799+0000] {manager.py:879} INFO - 
================================================================================
DAG File Processing Stats

File Path                        PID  Runtime      # DAGs    # Errors  Last Runtime    Last Run
-----------------------------  -----  ---------  --------  ----------  --------------  -------------------
/opt/airflow/dags/demo-dag.py    666  0.00s             1           0  0.09s           2026-04-26T15:11:50
================================================================================
[2026-04-26T15:12:50.927+0000] {manager.py:879} INFO - 
================================================================================
DAG File Processing Stats

File Path                        PID  Runtime      # DAGs    # Errors  Last Runtime    Last Run
-----------------------------  -----  ---------  --------  ----------  --------------  -------------------
/opt/airflow/dags/demo-dag.py    671  0.00s             1           0  0.10s           2026-04-26T15:12:20
================================================================================
[2026-04-26T15:13:12.063+0000] {manager.py:738} INFO - Searching for files in /opt/airflow/dags
[2026-04-26T15:13:12.076+0000] {manager.py:741} INFO - There are 1 files in /opt/airflow/dags
[2026-04-26T15:13:21.127+0000] {manager.py:879} INFO - 
================================================================================
DAG File Processing Stats

File Path                        PID  Runtime      # DAGs    # Errors  Last Runtime    Last Run
-----------------------------  -----  ---------  --------  ----------  --------------  -------------------
/opt/airflow/dags/demo-dag.py    676  0.00s             1           0  0.09s           2026-04-26T15:12:51
================================================================================
[2026-04-26T15:13:51.256+0000] {manager.py:879} INFO - 
================================================================================
DAG File Processing Stats

File Path                        PID  Runtime      # DAGs    # Errors  Last Runtime    Last Run
-----------------------------  -----  ---------  --------  ----------  --------------  -------------------
/opt/airflow/dags/demo-dag.py    681  0.00s             1           0  0.10s           2026-04-26T15:13:21
================================================================================
[2026-04-26T15:14:21.430+0000] {manager.py:879} INFO - 
================================================================================
DAG File Processing Stats

File Path                        PID  Runtime      # DAGs    # Errors  Last Runtime    Last Run
-----------------------------  -----  ---------  --------  ----------  --------------  -------------------
/opt/airflow/dags/demo-dag.py    686  0.00s             1           0  0.10s           2026-04-26T15:13:51
================================================================================
[2026-04-26T15:14:51.570+0000] {manager.py:879} INFO - 
================================================================================
DAG File Processing Stats

File Path                        PID  Runtime      # DAGs    # Errors  Last Runtime    Last Run
-----------------------------  -----  ---------  --------  ----------  --------------  -------------------
/opt/airflow/dags/demo-dag.py    691  0.00s             1           0  0.10s           2026-04-26T15:14:21
================================================================================
[2026-04-26T15:15:21.737+0000] {manager.py:879} INFO - 
================================================================================
DAG File Processing Stats

File Path                        PID  Runtime      # DAGs    # Errors  Last Runtime    Last Run
-----------------------------  -----  ---------  --------  ----------  --------------  -------------------
/opt/airflow/dags/demo-dag.py    696  0.00s             1           0  0.09s           2026-04-26T15:14:51
================================================================================
[2026-04-26T15:15:51.867+0000] {manager.py:879} INFO - 
================================================================================
DAG File Processing Stats

File Path                        PID  Runtime      # DAGs    # Errors  Last Runtime    Last Run
-----------------------------  -----  ---------  --------  ----------  --------------  -------------------
/opt/airflow/dags/demo-dag.py    701  0.00s             1           0  0.09s           2026-04-26T15:15:21
================================================================================
[2026-04-26T15:16:22.043+0000] {manager.py:879} INFO - 
================================================================================
DAG File Processing Stats

File Path                        PID  Runtime      # DAGs    # Errors  Last Runtime    Last Run
-----------------------------  -----  ---------  --------  ----------  --------------  -------------------
/opt/airflow/dags/demo-dag.py    706  0.00s             1           0  0.10s           2026-04-26T15:15:51
================================================================================
[2026-04-26T15:16:52.179+0000] {manager.py:879} INFO - 
================================================================================
DAG File Processing Stats

File Path                        PID  Runtime      # DAGs    # Errors  Last Runtime    Last Run
-----------------------------  -----  ---------  --------  ----------  --------------  -------------------
/opt/airflow/dags/demo-dag.py    711  0.01s             1           0  0.09s           2026-04-26T15:16:22
================================================================================
[2026-04-26T15:17:22.338+0000] {manager.py:879} INFO - 
================================================================================
DAG File Processing Stats

File Path                        PID  Runtime      # DAGs    # Errors  Last Runtime    Last Run
-----------------------------  -----  ---------  --------  ----------  --------------  -------------------
/opt/airflow/dags/demo-dag.py    716  0.00s             1           0  0.11s           2026-04-26T15:16:52
================================================================================
[2026-04-26T15:17:52.486+0000] {manager.py:879} INFO - 
================================================================================
DAG File Processing Stats

File Path                        PID  Runtime      # DAGs    # Errors  Last Runtime    Last Run
-----------------------------  -----  ---------  --------  ----------  --------------  -------------------
/opt/airflow/dags/demo-dag.py    721  0.00s             1           0  0.09s           2026-04-26T15:17:22
================================================================================
[2026-04-26T15:18:12.581+0000] {manager.py:738} INFO - Searching for files in /opt/airflow/dags
[2026-04-26T15:18:12.593+0000] {manager.py:741} INFO - There are 1 files in /opt/airflow/dags
[2026-04-26T15:18:22.646+0000] {manager.py:879} INFO - 
================================================================================
DAG File Processing Stats

File Path                        PID  Runtime      # DAGs    # Errors  Last Runtime    Last Run
-----------------------------  -----  ---------  --------  ----------  --------------  -------------------
/opt/airflow/dags/demo-dag.py    726  0.00s             1           0  0.10s           2026-04-26T15:17:52
================================================================================
[2026-04-26T15:18:52.794+0000] {manager.py:879} INFO - 
================================================================================
DAG File Processing Stats

File Path                        PID  Runtime      # DAGs    # Errors  Last Runtime    Last Run
-----------------------------  -----  ---------  --------  ----------  --------------  -------------------
/opt/airflow/dags/demo-dag.py    731  0.00s             1           0  0.09s           2026-04-26T15:18:22
================================================================================
[2026-04-26T15:19:22.930+0000] {manager.py:879} INFO - 
================================================================================
DAG File Processing Stats

File Path                        PID  Runtime      # DAGs    # Errors  Last Runtime    Last Run
-----------------------------  -----  ---------  --------  ----------  --------------  -------------------
/opt/airflow/dags/demo-dag.py    736  0.00s             1           0  0.10s           2026-04-26T15:18:52
================================================================================
[2026-04-26T15:19:53.092+0000] {manager.py:879} INFO - 
================================================================================
DAG File Processing Stats

File Path                        PID  Runtime      # DAGs    # Errors  Last Runtime    Last Run
-----------------------------  -----  ---------  --------  ----------  --------------  -------------------
/opt/airflow/dags/demo-dag.py    741  0.00s             1           0  0.10s           2026-04-26T15:19:23
================================================================================
[2026-04-26T15:20:23.223+0000] {manager.py:879} INFO - 
================================================================================
DAG File Processing Stats

File Path                        PID  Runtime      # DAGs    # Errors  Last Runtime    Last Run
-----------------------------  -----  ---------  --------  ----------  --------------  -------------------
/opt/airflow/dags/demo-dag.py    746  0.00s             1           0  0.10s           2026-04-26T15:19:53
================================================================================
[2026-04-26T15:20:53.390+0000] {manager.py:879} INFO - 
================================================================================
DAG File Processing Stats

File Path                        PID  Runtime      # DAGs    # Errors  Last Runtime    Last Run
-----------------------------  -----  ---------  --------  ----------  --------------  -------------------
/opt/airflow/dags/demo-dag.py    751  0.00s             1           0  0.09s           2026-04-26T15:20:23
================================================================================
[2026-04-26T15:21:23.518+0000] {manager.py:879} INFO - 
================================================================================
DAG File Processing Stats

File Path                        PID  Runtime      # DAGs    # Errors  Last Runtime    Last Run
-----------------------------  -----  ---------  --------  ----------  --------------  -------------------
/opt/airflow/dags/demo-dag.py    756  0.00s             1           0  0.09s           2026-04-26T15:20:53
================================================================================
[2026-04-26T15:21:53.680+0000] {manager.py:879} INFO - 
================================================================================
DAG File Processing Stats

File Path                        PID  Runtime      # DAGs    # Errors  Last Runtime    Last Run
-----------------------------  -----  ---------  --------  ----------  --------------  -------------------
/opt/airflow/dags/demo-dag.py    761  0.00s             1           0  0.09s           2026-04-26T15:21:23
================================================================================
[2026-04-26T15:22:23.810+0000] {manager.py:879} INFO - 
================================================================================
DAG File Processing Stats

File Path                        PID  Runtime      # DAGs    # Errors  Last Runtime    Last Run
-----------------------------  -----  ---------  --------  ----------  --------------  -------------------
/opt/airflow/dags/demo-dag.py    766  0.00s             1           0  0.09s           2026-04-26T15:21:53
================================================================================
[2026-04-26T15:22:53.974+0000] {manager.py:879} INFO - 
================================================================================
DAG File Processing Stats

File Path                        PID  Runtime      # DAGs    # Errors  Last Runtime    Last Run
-----------------------------  -----  ---------  --------  ----------  --------------  -------------------
/opt/airflow/dags/demo-dag.py    771  0.00s             1           0  0.09s           2026-04-26T15:22:23
================================================================================
[2026-04-26T15:23:13.051+0000] {manager.py:738} INFO - Searching for files in /opt/airflow/dags
[2026-04-26T15:23:13.065+0000] {manager.py:741} INFO - There are 1 files in /opt/airflow/dags
[2026-04-26T15:23:24.121+0000] {manager.py:879} INFO - 
================================================================================
DAG File Processing Stats

File Path                        PID  Runtime      # DAGs    # Errors  Last Runtime    Last Run
-----------------------------  -----  ---------  --------  ----------  --------------  -------------------
/opt/airflow/dags/demo-dag.py    776  0.00s             1           0  0.10s           2026-04-26T15:22:54
================================================================================
[2026-04-26T15:23:54.269+0000] {manager.py:879} INFO - 
================================================================================
DAG File Processing Stats

File Path                        PID  Runtime      # DAGs    # Errors  Last Runtime    Last Run
-----------------------------  -----  ---------  --------  ----------  --------------  -------------------
/opt/airflow/dags/demo-dag.py    781  0.00s             1           0  0.10s           2026-04-26T15:23:24
================================================================================
[2026-04-26T15:24:24.416+0000] {manager.py:879} INFO - 
================================================================================
DAG File Processing Stats

File Path                        PID  Runtime      # DAGs    # Errors  Last Runtime    Last Run
-----------------------------  -----  ---------  --------  ----------  --------------  -------------------
/opt/airflow/dags/demo-dag.py    786  0.00s             1           0  0.09s           2026-04-26T15:23:54
================================================================================
[2026-04-26T15:24:54.563+0000] {manager.py:879} INFO - 
================================================================================
DAG File Processing Stats

File Path                        PID  Runtime      # DAGs    # Errors  Last Runtime    Last Run
-----------------------------  -----  ---------  --------  ----------  --------------  -------------------
/opt/airflow/dags/demo-dag.py    791  0.00s             1           0  0.10s           2026-04-26T15:24:24
================================================================================
